ateneo	gruppo	codice	nome
70001	14	0420106204900002	assistenza sanitaria (L/SNT4)
70001	14	0420106204800004	dietistica (L/SNT3)
70001	7	0420106203300001	digital economics and business (L-33,L-18)
70001	7	0420106201800004	economia aziendale - già economia e commercio (L-18, ex L-33)
70001	7	0420104015400002	economia e commercio (17)
70001	7	0420106201800002	economia e commercio (L-33, ex L-18)
70001	14	0420106204700002	educazione professionale (L/SNT2)
70001	9	0420106203200001	environmental sciences and civil protection - scienze ambientali e protezione civile (L-32)
70001	14	0420106204700001	fisioterapia (L/SNT2)
70001	14	0420106204800003	igiene dentale (L/SNT3)
70001	14	0420106204600001	infermieristica (L/SNT1)
70001	14	0420104050400001	infermieristica (SNT/1)
70001	12	0420106200800006	ingegneria biomedica (L-8)
70001	11	0420106200700008	ingegneria civile e ambientale (L-7)
70001	12	0420106200800015	ingegneria dell'informazione per videogame e realtà virtuale (L-8)
70001	11	0420104000100001	ingegneria delle costruzioni edili e del recupero (4)
70001	12	0420104000500002	ingegneria e gestione della produzione (10)
70001	11	0420106202300001	ingegneria edile (L-23)
70001	12	0420106200800014	ingegneria elettronica e delle tecnologie digitali - già ingegneria elettronica (L-8)
70001	12	0420106200900019	ingegneria gestionale (L-9,L-8)
70001	12	0420106200800010	ingegneria informatica e dell'automazione (L-8)
70001	12	0420106200900006	ingegneria meccanica (L-9)
70001	12	0420106200900021	ingegneria per la sostenibilità industriale (L-9)
70001	14	0420106204700003	logopedia (L/SNT2)
70001	14	0420106204600002	ostetricia (L/SNT1)
70001	9	0420106201300001	scienze biologiche (L-13)
70001	13	0420106202500003	scienze e tecnologie agrarie (L-25)
70001	13	0420106202600001	scienze e tecnologie alimentari (L-26)
70001	13	0420106202500004	scienze forestali e ambientali (L-25)
70001	13	0420106202500005	sistemi agricoli innovativi (L-25)
70001	12	0420106205600001	sistemi industriali e dell'informazione (L-P03)
70001	11	0420106202300002	tecniche della costruzione e gestione del territorio (L-23)
70001	11	0420106205400001	tecniche della costruzione e gestione del territorio (L-P01)
70001	14	0420106204900001	tecniche della prevenzione nell'ambiente e nei luoghi di lavoro (L/SNT4)
70001	14	0420106204800002	tecniche di laboratorio biomedico (L/SNT3)
70001	14	0420106204800001	tecniche di radiologia medica, per immagini e radioterapia (L/SNT3)
70001	14	0420106204700004	terapia della neuro e psicomotricità dell'età evolutiva (L/SNT2)
70002	14	0720106204900001	assistenza sanitaria (L/SNT4)
70002	9	0720106200200002	biotecnologie industriali per lo sviluppo sostenibile - già biotecnologie industriali e agro-alimentari (L-2)
70002	9	0720106200200003	biotecnologie mediche e farmaceutiche (L-2)
70002	9	0720106202700001	chimica (L-27)
70002	8	0720106201400002	consulente del lavoro e operatore di impresa - già scienze dei servizi giuridici d'impresa (L-14)
70002	2	0720106200300001	dams - discipline dell'audiovisivo, della musica e dello spettacolo (L-3)
70002	14	0720106204800002	dietistica (L/SNT3)
70002	7	0720104015400001	economia aziendale (17)
70002	7	0720106201800006	economia aziendale - sede di Bari (L-18)
70002	7	0720104015400002	economia aziendale - sede di brindisi (17)
70002	7	0720106201800007	economia aziendale - sede di Brindisi (L-18)
70002	7	0720106201800001	economia e amministrazione delle aziende (L-18, ex L-33)
70002	7	0720106203300001	economia e commercio (L-33)
70002	7	0720104015300002	economia e commercio - sede di taranto (28)
70002	14	0720106204700005	educazione professionale (L/SNT2)
70002	1	0720104010400003	educazione professionale nel campo del disagio minorile, della devianza e della marginalità - sede di taranto (18)
70002	3	0720106200500002	filosofia (L-5)
70002	9	0720106203000004	fisica (L-30)
70002	14	0720106204700003	fisioterapia (L/SNT2)
70002	14	0720104050500004	fisioterapia (SNT/2)
70002	13	0720106202500002	gestione degli spazi verdi, dei boschi e delle aree protette - già scienze e tecnologie del territorio e dell'ambiente agro-forestale (L-25)
70002	14	0720106204800005	igiene dentale (L/SNT3)
70002	14	0720106204600003	infermieristica (L/SNT1)
70002	14	0720104050400002	infermieristica (SNT/1)
70002	10	0720104005100001	informatica (26)
70002	10	0720106203100010	informatica - sede di Bari (L-31)
70002	10	0720104005100003	informatica e comunicazione digitale (26)
70002	10	0720106203100008	informatica e comunicazione digitale - sede di Bari (L-31)
70002	10	0720104005100010	informatica e comunicazione digitale - sede di taranto (26)
70002	10	0720106203100012	informatica e tecnologie dell'informazione - già informatica e comunicazione digitale (L-31)
70002	10	0720106203100009	informatica e tecnologie per la produzione del software (L-31)
70002	3	0720106201000006	lettere (L-10)
70002	4	0720106201200001	lingue e culture per il turismo e la mediazione internazionale - già comunicazione linguistica e interculturale (L-12)
70002	4	0720104010200002	lingue e letterature straniere (11)
70002	4	0720106201100002	lingue, culture e letterature moderne - già culture delle lingue moderne e del turismo (L-11)
70002	14	0720106204700002	logopedia (L/SNT2)
70002	7	0720104015400004	marketing e comunicazione (17)
70002	7	0720106201800004	marketing e comunicazione d'azienda (L-18)
70002	9	0720104005000001	matematica (32)
70002	9	0720106203500001	matematica (L-35)
70002	14	0720106204700001	ortottica ed assistenza oftalmologica (L/SNT2)
70002	14	0720106204600002	ostetricia (L/SNT1)
70002	9	0720106203000005	scienza e tecnologia dei materiali (L-30)
70002	9	0720104002400001	scienza e tecnologia per la diagnostica e conservazione dei beni culturali (41)
70002	9	0720106203200004	scienze ambientali (L-32)
70002	13	0720106203800003	scienze animali - già scienze animali e produzioni alimentari (L-38)
70002	9	0720106201300006	scienze biologiche (L-13)
70002	2	0720106200100003	scienze dei beni culturali (L-1)
70002	8	0720106201400001	scienze dei servizi giuridici (L-14)
70002	14	0720106203900002	scienze del servizio sociale (L-39)
70002	14	0720106203900003	scienze del servizio sociale e sociologia (L-39,L-40)
70002	1	0720104010400001	scienze dell'educazione e della formazione (18)
70002	1	0720106201900007	scienze dell'educazione e della formazione (L-19)
70002	5	0720106202000004	scienze della comunicazione (L-20)
70002	1	0720106201900008	scienze della formazione (L-19)
70002	9	0720106203200001	scienze della natura (L-32)
70002	15	0720106202200002	scienze delle attività motorie e sportive (L-22)
70002	9	0720106202800001	scienze e gestione delle attività marittime (L-28)
70002	6	0720104005700001	scienze e tecniche psicologiche (34)
70002	6	0720106202400001	scienze e tecniche psicologiche (L-24)
70002	13	0720106202500001	scienze e tecnologie agrarie (L-25)
70002	13	0720106202600002	scienze e tecnologie alimentari (L-26)
70002	9	0720106202900002	scienze erboristiche e nutraceutiche - già scienze e tecnologie erboristiche e dei prodotti per la salute - già tecniche erboristiche (L-29)
70002	9	0720106203400001	scienze geologiche (L-34)
70002	8	0720106201400005	scienze giuridiche per l'immigrazione e l'interculturalità nelle pubbliche amministrazioni - già scienze giuridiche per l'immigrazione, i diritti umani e l'interculturalità (L-14)
70002	5	0720106203600002	scienze politiche - già scienze politiche relazioni internazionali e studi europei (L-36)
70002	5	0720106201600006	scienze politiche, economiche e amministrative - già scienze della amministrazione pubblica e privata (L-16)
70002	9	0720106204100001	scienze statistiche (L-41)
70002	3	0720106204200002	storia - già storia e scienze sociali (L-42)
70002	14	0720106204700004	tecnica della riabilitazione psichiatrica (L/SNT2)
70002	14	0720106204800003	tecniche audiometriche (L/SNT3)
70002	14	0720106204800004	tecniche audioprotesiche (L/SNT3)
70002	14	0720106204900002	tecniche della prevenzione nell'ambiente e nei luoghi di lavoro (L/SNT4)
70002	14	0720104050700002	tecniche della prevenzione nell'ambiente e nei luoghi di lavoro (SNT/4)
70002	14	0720106204800009	tecniche di fisiopatologia cardiocircolatoria e perfusione cardiovascolare - dall'a.a. 2019/20 (L/SNT3)
70002	14	0720106204800001	tecniche di laboratorio biomedico (L/SNT3)
70002	14	0720106204800008	tecniche di neurofisiopatologia (L/SNT3)
70002	14	0720106204800007	tecniche di radiologia medica, per immagini e radioterapia (L/SNT3)
70002	14	0720106204800010	tecniche ortopediche (L/SNT3)
70002	13	0720106205500001	tecniche per l'agricoltura sostenibile (L-P02)
70003	13	0370106203800001	acquacoltura e igiene delle produzioni ittiche (L-38)
70003	3	0370106204200002	antropologia, religioni, civiltà orientali - già scienze antropologiche (L-42)
70003	11	0370106202300003	architettura e processo edilizio (L-23)
70003	11	0370106201700001	architettura-ingegneria (L-17)
70003	9	0370106203000001	astronomia (L-30)
70003	2	0370106200100004	beni culturali (L-1)
70003	9	0370106200200001	biotecnologie (L-2)
70003	11	0370106202300002	building construction engineering - ingegneria edile (L-23)
70003	7	0370106201800006	business and economics - già business and economics/economia e gestione di impresa (L-18)
70003	9	0370106202700003	chimica e chimica dei materiali (L-27)
70003	9	0370106202700005	chimica e tecnologie per l'ambiente e per i materiali (L-27)
70003	9	0370106202700004	chimica industriale (L-27)
70003	8	0370106201400001	consulente del lavoro e delle relazioni aziendali (L-14)
70003	2	0370106200300003	culture e pratiche della moda - già culture e tecniche della moda (L-3)
70003	2	0370104009300002	culture e tecniche del costume e della moda (23)
70003	2	0370104009300001	dams - discipline delle arti, della musica e dello spettacolo (23)
70003	2	0370106200300004	dams - discipline delle arti, della musica e dello spettacolo (L-3)
70003	2	0370106200400002	design del prodotto industriale (L-4)
70003	14	0370106204800004	dietistica (L/SNT3)
70003	7	0370104015400001	economia aziendale (17)
70003	7	0370106201800002	economia aziendale (L-18)
70003	7	0370106201800016	economia dell'impresa (L-18, ex L-33)
70003	7	0370106201800005	economia e commercio (L-18)
70003	7	0370104015300006	economia e diritto (28)
70003	7	0370104015400002	economia e gestione aziendale (17)
70003	7	0370104015400013	economia e gestione delle imprese (17)
70003	13	0370106202500003	economia e mercati agro-alimentari - già economia e marketing nel sistema agro-industriale (L-25)
70003	7	0370106203300001	economia, mercati e istituzioni (L-33)
70003	7	0370106203300002	economics and finance - economia e finanza (L-33)
70003	7	0370106201800015	economics of tourism and cities - economia del turismo (L-33, ex L-18)
70003	7	0370106203300004	economics, politics and social sciences - economia, politica e scienze sociali (L-33,L-36)
70003	1	0370106201900005	educatore nei servizi per l'infanzia (L-19)
70003	1	0370104010400003	educatore sociale - già educatore professionale (18)
70003	1	0370106201900003	educatore sociale e culturale (L-19)
70003	14	0370106204700002	educazione professionale (L/SNT2)
70003	5	0370106203600003	european studies - studi europei (L-36)
70003	3	0370106200500001	filosofia (L-5)
70003	9	0370106203000003	fisica (L-30)
70003	14	0370106204700001	fisioterapia (L/SNT2)
70003	9	0370106200200002	genomics - genomica (L-2)
70003	8	0370106201400003	giurista per le imprese e per la pubblica amministrazione - già giurista d'impresa e delle amministrazioni pubbliche (L-14)
70003	14	0370106204800001	igiene dentale (L/SNT3)
70003	14	0370106204600003	infermieristica - sede di Bologna (L/SNT1)
70003	14	0370106204600005	infermieristica - sede di Rimini (L/SNT1)
70003	14	0370106204600004	infermieristica - sedi di Faenza e Ravenna (L/SNT1)
70003	10	0370106203100002	informatica (L-31)
70003	10	0370106203100003	informatica per il management (L-31)
70003	9	0370104017700001	informazione scientifica sul farmaco (24)
70003	12	0370106200900002	ingegneria aerospaziale (L-9)
70003	12	0370106200800001	ingegneria biomedica (L-8)
70003	12	0370106200900001	ingegneria chimica e biochimica (L-9)
70003	11	0370106200700001	ingegneria civile (L-7)
70003	12	0370106200800002	ingegneria dell'automazione (L-8)
70003	12	0370106200900004	ingegneria dell'energia elettrica (L-9)
70003	10	0370106200800008	ingegneria e scienze informatiche (L-8,L-31)
70003	12	0370106200800004	ingegneria elettronica - già ingegneria elettronica per l'energia e l'informazione (L-8)
70003	12	0370106200800007	ingegneria elettronica e telecomunicazioni (L-8)
70003	12	0370106200900007	ingegneria energetica (L-9)
70003	12	0370106200900005	ingegneria gestionale (L-9)
70003	12	0370106200800006	ingegneria informatica (L-8)
70003	12	0370106200900006	ingegneria meccanica - sede di Bologna (L-9)
70003	12	0370106200900003	ingegneria meccanica - sede di Forlì (L-9)
70003	12	0370106200800009	ingegneria meccatronica (L-8)
70003	11	0370106200700002	ingegneria per l'ambiente e il territorio (L-7)
70003	3	0370106201000002	lettere (L-10)
70003	4	0370104010200001	lingue e letterature straniere (11)
70003	4	0370106201100001	lingue e letterature straniere (L-11)
70003	4	0370106201200002	lingue e tecnologie per la comunicazione interculturale - già mediazione linguistica interculturale (L-12)
70003	4	0370106201100002	lingue, mercati e culture dell'asia e dell'africa mediterranea - già lingue, mercati e culture dell'asia (L-11)
70003	14	0370106204700004	logopedia (L/SNT2)
70003	7	0370106201800017	management and economics - management ed economia (L-18)
70003	7	0370106201800007	management e marketing - già economia e gestione delle imprese (L-18)
70003	9	0370106203500001	matematica (L-35)
70003	12	0370106205600001	meccatronica (L-P03)
70003	12	0370106205600003	metodologie chimiche per prodotti e processi (L-P03)
70003	14	0370106204600002	ostetricia (L/SNT1)
70003	14	0370106204700005	podologia (L/SNT2)
70003	13	0370106203800002	produzioni animali - già produzioni animali e controllo della fauna selvatica (L-38)
70003	9	0370106203200001	scienze ambientali (L-32)
70003	9	0370104005500001	scienze biologiche (12)
70003	9	0370106201300001	scienze biologiche (L-13)
70003	5	0370106202000001	scienze della comunicazione (L-20)
70003	15	0370106202200002	scienze delle attività motorie e sportive (L-22)
70003	7	0370106205300001	scienze e cultura della gastronomia (L/GASTR)
70003	6	0370106202400001	scienze e tecniche psicologiche - già scienze del comportamento e delle relazioni sociali (L-24)
70003	13	0370106202500005	scienze e tecnologie per il verde e il paesaggio - già verde ornamentale e tutela del paesaggio (L-25)
70003	9	0370106202900002	scienze farmaceutiche applicate (L-29)
70003	9	0370106203400001	scienze geologiche (L-34)
70003	5	0370106203600001	scienze internazionali e diplomatiche (L-36)
70003	15	0370104023200002	scienze motorie - sede di Rimini - dall'a.a. 2006/07 (33)
70003	9	0370106203200002	scienze naturali (L-32)
70003	5	0370106203600002	scienze politiche, sociali e internazionali - già studi internazionali (L-36)
70003	9	0370106204100002	scienze statistiche (L-41)
70003	14	0370104016800001	servizio sociale (6)
70003	14	0370106203900001	servizio sociale (L-39)
70003	5	0370106204000002	sociologia - già sociologia e scienze criminologiche per la sicurezza (L-40)
70003	9	0370106204100004	statistica, finanza e assicurazioni - già finanza, assicurazioni e impresa (L-41)
70003	3	0370104010600001	storia (38)
70003	3	0370106204200001	storia (L-42)
70003	3	0370106204200003	storia, società e culture del Mediterraneo - già società e culture del mediterraneo: istituzioni, sicurezza, ambiente (L-42)
70003	5	0370106203700001	sviluppo e cooperazione internazionale (L-37)
70003	14	0370106204900001	tecniche della prevenzione nell'ambiente e nei luoghi di lavoro (L/SNT4)
70003	14	0370106204800006	tecniche di laboratorio biomedico (L/SNT3)
70003	14	0370106204800003	tecniche di neurofisiopatologia (L/SNT3)
70003	14	0370106204800007	tecniche di radiologia medica, per immagini e radioterapia - sede di Bologna (L/SNT3)
70003	14	0370106204800005	tecniche ortopediche (L/SNT3)
70003	11	0370106205400001	tecniche per l'edilizia e il territorio (L-P01)
70003	13	0370106202500002	tecnologie agrarie (L-25)
70003	13	0370106202600001	tecnologie alimentari (L-26)
70003	12	0370106205600002	tecnologie dei sistemi informatici (L-P03)
70003	13	0370106202500004	tecnologie per il territorio e l'ambiente agro-forestale (L-25)
70003	13	0370106202600003	viticoltura ed enologia (L-26)
70004	14	0920106204900001	assistenza sanitaria (L/SNT4)
70004	2	0920106200100013	beni culturali (L-1)
70004	2	0920106200100015	beni culturali archeologici, storico-artistici e archivistici - già beni culturali e spettacolo (L-1, ex L-3)
70004	9	0920106201300003	biologia (L-13)
70004	9	0920106200200001	biotecnologie farmaceutiche - già biotecnologie (L-2)
70004	9	0920106202700001	chimica (L-27)
70004	7	0920106203300002	economia e finanza (L-33)
70004	7	0920106201800001	economia e gestione aziendale (L-18)
70004	7	0920106201800003	economia e gestione dei servizi turistici (L-18)
70004	11	0920104000100001	edilizia - già ingegneria edile (4)
70004	14	0920106204700010	educazione professionale (L/SNT2)
70004	3	0920106200500001	filosofia (L-5)
70004	9	0920106203000001	fisica (L-30)
70004	14	0920106204700003	fisioterapia (L/SNT2)
70004	9	0920106203400001	geologia - già scienze geologiche (L-34)
70004	14	0920106204800100	igiene dentale - dall'a.a. 2017/18 (L/SNT3)
70004	14	0920106204600002	infermieristica (L/SNT1)
70004	10	0920106203100001	informatica (L-31)
70004	10	0920106203100002	informatica applicata e data analytics (L-31)
70004	12	0920106200800004	ingegneria biomedica (L-8,L-9)
70004	12	0920104000500001	ingegneria chimica (10)
70004	12	0920106200900003	ingegneria chimica per l'innovazione e la sostenibilità dei processi - già ingegneria chimica (L-9)
70004	11	0920106200700004	ingegneria civile (L-7)
70004	12	0920106200900013	ingegneria dell'energia elettrica per lo sviluppo sostenibile (L-9)
70004	12	0920106200800006	ingegneria elettronica, informatica e delle telecomunicazioni - già ingegneria elettrica, elettronica e informatica (L-8, ex L-9)
70004	12	0920106200900012	ingegneria meccanica e gestionale - già ingegneria meccanica (L-9)
70004	11	0920106200700002	ingegneria per l'ambiente e il territorio (L-7)
70004	3	0920104009800007	lettere (5)
70004	3	0920106201000007	lettere (L-10)
70004	5	0920106202000007	lingue e comunicazione (L-20)
70004	4	0920106201100010	lingue e culture per la mediazione linguistica (L-11,L-12)
70004	4	0920106201200001	lingue per la mediazione linguistica (L-12)
70004	9	0920106203500001	matematica (L-35)
70004	14	0920106204600001	ostetricia (L/SNT1)
70004	9	0920106203200001	scienze ambientali e naturali (L-32)
70004	8	0920106201400001	scienze dei servizi giuridici (L-14)
70004	5	0920106201600001	scienze dell'amministrazione e dell'organizzazione - già amministrazione e organizzazione (L-16)
70004	11	0920106201700001	scienze dell'architettura (L-17)
70004	1	0920104010400001	scienze dell'educazione e della formazione (18)
70004	1	0920106201900001	scienze dell'educazione e della formazione (L-19)
70004	5	0920106202000002	scienze della comunicazione (L-20)
70004	15	0920106202200001	scienze delle attività motorie e sportive (L-22)
70004	6	0920106202400001	scienze e tecniche psicologiche (L-24)
70004	5	0920106203600001	scienze politiche (L-36)
70004	9	0920106202900002	scienze tossicologiche e controllo di qualità - già tossicologia (L-29)
70004	14	0920106204900002	tecniche della prevenzione nell'ambiente e nei luoghi di lavoro (L/SNT4)
70004	14	0920106204800099	tecniche di laboratorio biomedico (L/SNT3)
70004	14	0920106204800101	tecniche di neurofisiopatologia (L/SNT3)
70004	14	0920106204800001	tecniche di radiologia medica, per immagini e radioterapia (L/SNT3)
70004	11	0920106205400001	tecniche per l'edilizia e il territorio (L-P01)
70005	9	0780106201300003	biologia (L-13)
70005	9	0780106202700001	chimica (L-27)
70005	2	0780106200300002	comunicazione e dams (L-3,L-20)
70005	2	0780104009300001	discipline delle arti, della musica e dello spettacolo (23)
70005	5	0780106203700002	discipline economiche e sociali per lo sviluppo (L-37)
70005	7	0780104015400002	economia (17)
70005	7	0780106203300002	economia (L-33)
70005	7	0780104015400001	economia aziendale (17)
70005	7	0780106201800003	economia aziendale (L-18)
70005	3	0780106200500002	filosofia e storia (L-5,L-42)
70005	9	0780106203000001	fisica (L-30)
70005	10	0780106203100001	informatica (L-31)
70005	9	0780106202900002	informazione scientifica del farmaco e delle tecnologie per la salute - già informazione scientifica del farmaco e dei prodotti per la salute (L-29)
70005	9	0780104017700007	informazione scientifica sul farmaco (24)
70005	12	0780106200900002	ingegneria chimica (L-9)
70005	12	0780106200900003	ingegneria chimica - già ingegneria alimentare (L-9)
70005	11	0780106200700001	ingegneria civile (L-7)
70005	12	0780104001000001	ingegneria elettronica (9)
70005	12	0780106200800002	ingegneria elettronica (L-8)
70005	12	0780106200800005	ingegneria gestionale - sede di Rende (L-8,L-9)
70005	12	0780106200800003	ingegneria informatica (L-8)
70005	12	0780106200900001	ingegneria meccanica (L-9)
70005	11	0780106200700002	ingegneria per l'ambiente e il territorio (L-7)
70005	11	0780106200700003	ingegneria per l'ambiente e la sicurezza del territorio - già ingegneria ambientale e chimica (L-7, ex L-9)
70005	2	0780106201000002	lettere - già lettere e beni culturali (L-10, ex L-1)
70005	4	0780104010200001	lingue e culture moderne (11)
70005	4	0780106201100002	lingue e culture moderne (L-11)
70005	9	0780106203500001	matematica (L-35)
70005	5	0780106202000001	media e società digitale (L-20)
70005	4	0780106201200001	mediazione linguistica (L-12)
70005	9	0780106203000004	scienza dei materiali innovativi e per le nanotecnologie (L-30)
70005	9	0780106202900001	scienza della nutrizione (L-29)
70005	12	0780106200900004	scienza e ingegneria dei materiali (L-9)
70005	7	0780106201500008	scienze del turismo e dei servizi turistici - già scienze turistiche (L-15)
70005	5	0780104016600001	scienze dell'amministrazione (19)
70005	5	0780106201600001	scienze dell'amministrazione (L-16)
70005	1	0780106201900001	scienze dell'educazione (L-19)
70005	1	0780106201900002	scienze dell'educazione - online (L-19)
70005	9	0780106201300002	scienze e tecnologie biologiche (L-13,L-2)
70005	9	0780106203400001	scienze geologiche (L-34)
70005	9	0780104005600003	scienze naturali (27)
70005	9	0780106203200001	scienze naturali e ambientali - già scienze naturali (L-32)
70005	5	0780104016400002	scienze politiche (15)
70005	5	0780106203600001	scienze politiche e relazione internazionali - già scienze politiche (L-36)
70005	7	0780104010500001	scienze turistiche (39)
70005	14	0780106203900003	servizio sociale - già servizio sociale e sociologia (L-39, ex L-40)
70005	9	0780106204100001	statistica per data science - già statistica per l'azienda (L-41)
70006	9	0430206203200008	ambiente e gestione sostenibile delle risorse naturali (L-32)
70006	9	0430206201300003	biologia della nutrizione (L-13)
70006	9	0430206200200005	bioscienze e biotecnologia - biosciences and biotechnology (L-2,L-13)
70006	9	0430206202700001	chimica (L-27)
70006	2	0430206200400002	design - già disegno industriale e ambientale (L-4)
70006	2	0430204039900001	disegno industriale e ambientale (42)
70006	9	0430204005200001	fisica (25)
70006	9	0430206203000010	fisica (L-30)
70006	10	0430206203100001	informatica (L-31)
70006	10	0430206203100002	informatica per la comunicazione digitale (L-31)
70006	9	0430206202900001	informazione scientifica sul farmaco e scienze del fitness e dei prodotti della salute (L-29)
70006	9	0430206203500002	matematica e applicazioni (L-35)
70006	11	0430206201700001	scienze dell'architettura (L-17)
70006	7	0430206205300001	scienze gastronomiche (L/GASTR)
70006	9	0430206203200007	scienze geologiche e tecnologie per l'ambiente - già scienze geologiche naturali e ambientali-geological, natural and environmental sciences (L-34, ex L-32)
70006	8	0430206201400001	scienze giuridiche per l'innovazione organizzativa e la coesione sociale - già scienze dei servizi giuridici (L-14)
70006	5	0430206203700002	scienze sociali per gli enti non-profit e la cooperazione internazionale (L-37)
70006	13	0430206203800001	tecnico del benessere animale e delle produzioni - già sicurezza delle produzioni zootecniche e valorizzazione delle tipicità alimentari di origine animale (L-38)
70006	9	0430206204400001	tecnologie e diagnostica per i beni culturali - già tecnologie innovative per i beni culturali (L-43)
70007	7	0600106201800002	economia aziendale (L-18)
70007	7	0600106203300001	economia e commercio (L-33)
70007	11	0600106200700002	ingegneria civile e ambientale - già ingegneria dell'ambiente e del territorio (L-7)
70007	12	0600106200900003	ingegneria elettrica (L-9)
70007	12	0600106200900002	ingegneria industriale - già ingegneria gestionale (L-9)
70007	12	0600106200800001	ingegneria informatica e delle telecomunicazioni (L-8)
70007	3	0600106201000003	lettere (L-10)
70007	4	0600106201100004	lingue e letterature moderne (L-11)
70007	1	0600106201900014	scienze dell'educazione e della formazione (L-19)
70007	5	0600104009200002	scienze della comunicazione (14)
70007	15	0600106202200001	scienze motorie (L-22)
70007	8	0600106201400002	servizi giuridici per lavoro, pubblica amministrazione, sport e terzo settore - già operatore giuridico per le organizzazioni complesse (L-14)
70007	14	0600106203900002	servizio sociale (L-39)
70008	2	0870106200100012	beni culturali (L-1)
70008	9	0870106200200001	biotecnologie (L-2)
70008	9	0870106202700001	chimica (L-27)
70008	9	0870106202700002	chimica sostenibile per l'industria, l'ambiente e l'energia - già chimica industriale (L-27)
70008	14	0870106204800001	dietistica (L/SNT3)
70008	7	0870104015300002	economia (28)
70008	7	0870106203300002	economia (L-33)
70008	7	0870104015400004	economia aziendale (17)
70008	7	0870106201800001	economia aziendale (L-18)
70008	1	0870104010400002	educatore dell'infanzia (18)
70008	3	0870106200500007	filosofia (L-5)
70008	9	0870106203000002	fisica (L-30)
70008	14	0870106204700008	fisioterapia (L/SNT2)
70008	14	0870106204600001	infermieristica (L/SNT1)
70008	10	0870106203100005	informatica (L-31)
70008	11	0870104000800001	ingegneria civile (8)
70008	11	0870106200700001	ingegneria civile, ambientale e gestionale - già ingegneria civile e ambientale (L-7)
70008	12	0870106200800002	ingegneria elettronica (L-8)
70008	12	0870106200900001	ingegneria industriale (L-9)
70008	12	0870106200800003	ingegneria informatica (L-8)
70008	3	0870104009800001	lettere (5)
70008	3	0870106201000018	lettere (L-10)
70008	4	0870104010200002	lingue e culture europee (11)
70008	4	0870106201100023	lingue e culture europee euroamericane ed orientali (L-11)
70008	14	0870106204700004	logopedia (L/SNT2)
70008	7	0870106201800002	management delle imprese per l'economia sostenibile - già economia e gestione delle imprese turistiche (L-18)
70008	9	0870106203500001	matematica (L-35)
70008	4	0870106201200001	mediazione linguistica e interculturale (L-12)
70008	14	0870106204700009	ortottica ed assistenza oftalmologica (L/SNT2)
70008	14	0870106204600006	ostetricia (L/SNT1)
70008	5	0870106203600009	politica e relazioni internazionali (L-36)
70008	1	0870104010400001	scienza dell'educazione e della formazione (18)
70008	9	0870106203200003	scienze ambientali e naturali (L-32)
70008	9	0870106201300002	scienze biologiche (L-13)
70008	2	0870104008700001	scienze dei beni culturali (13)
70008	7	0870106201500001	scienze del turismo - già formazione di operatori turistici (L-15)
70008	5	0870106201600017	scienze dell'amministrazione e dell'organizzazione (L-16)
70008	1	0870106201900004	scienze dell'educazione e della formazione (L-19)
70008	5	0870104009200002	scienze della comunicazione (14)
70008	5	0870106202000002	scienze e lingue per la comunicazione (L-20)
70008	6	0870106202400001	scienze e tecniche psicologiche (L-24)
70008	13	0870106202500004	scienze e tecnologie agrarie (L-25)
70008	13	0870104006300004	scienze e tecnologie agrarie tropicali e subtropicali (20)
70008	13	0870106202600001	scienze e tecnologie alimentari (L-26)
70008	9	0870104017700003	scienze erboristiche (24)
70008	9	0870106202900002	scienze farmaceutiche applicate - già scienze erboristiche e dei prodotti nutraceutici (L-29)
70008	9	0870106203400003	scienze geologiche (L-34)
70008	15	0870106202200001	scienze motorie (L-22)
70008	5	0870104009200004	scienze per la comunicazione internazionale (14)
70008	3	0870104010600002	scienze storiche e politiche (38)
70008	14	0870106203900006	sociologia e servizio sociale (L-39,L-40)
70008	11	0870106202100003	sostenibilità ambientale, territorio e transizione ecologica - già pianificazione e sostenibilità ambientale del territorio e del paesaggio (L-21)
70008	3	0870106201600018	storia e scienze dell'amministrazione (L-16,L-42)
70008	5	0870106204200001	storia, politica e relazioni internazionali (L-36, ex L-42)
70008	14	0870106204700003	tecnica della riabilitazione psichiatrica (L/SNT2)
70008	14	0870106204800016	tecniche audioprotesiche (L/SNT3)
70008	14	0870106204900001	tecniche della prevenzione nell'ambiente e nei luoghi di lavoro (L/SNT4)
70008	14	0870106204800014	tecniche di fisiopatologia cardiocircolatoria e perfusione cardiovascolare (L/SNT3)
70008	14	0870106204800013	tecniche di laboratorio biomedico (L/SNT3)
70008	14	0870106204800011	tecniche di radiologia medica, per immagini e radioterapia (L/SNT3)
70008	11	0870104000200002	tecnologie e pianificazione per il territorio e l'ambiente (7)
70008	14	0870106204700010	terapia occupazionale (L/SNT2)
70008	13	0870106202600002	viticoltura, enologia ed enomarketing - già scienze e tecnologie per la ristorazione e distribuzione degli alimenti mediterranei (L-26)
70009	9	0380106200200001	biotecnologie (L-2)
70009	9	0380106200200002	biotecnologie mediche (L-2)
70009	9	0380106202700001	chimica (L-27)
70009	2	0380106200400001	design del prodotto industriale (L-4)
70009	14	0380106204800004	dietistica (L/SNT3)
70009	7	0380106201800002	economia (L-18,L-33)
70009	3	0380106200500001	filosofia e società contemporanea (L-5)
70009	9	0380106203000001	fisica (L-30)
70009	14	0380106204700002	fisioterapia (L/SNT2)
70009	14	0380106204800003	igiene dentale (L/SNT3)
70009	14	0380106204600002	infermieristica (L/SNT1)
70009	10	0380106203100001	informatica (L-31)
70009	11	0380106200700001	ingegneria civile e ambientale (L-7)
70009	12	0380106200800001	ingegneria elettronica e informatica - già ingegneria dell'informazione (L-8)
70009	12	0380106200900001	ingegneria meccanica (L-9)
70009	3	0380106201000001	lettere, arti e archeologia (L-10)
70009	4	0380106201100001	lingue e letterature moderne (L-11, ex L-10)
70009	14	0380106204700003	logopedia (L/SNT2)
70009	7	0380106201500001	manager degli itinerari culturali (L-15)
70009	9	0380106203500001	matematica (L-35)
70009	14	0380106204700004	ortottica ed assistenza oftalmologica (L/SNT2)
70009	14	0380106204600001	ostetricia (L/SNT1)
70009	9	0380106201300001	scienze biologiche (L-13)
70009	1	0380106201900001	scienze dell'educazione - già scienze filosofiche e dell'educazione (L-19, ex L-5)
70009	5	0380106202000001	scienze e tecnologie della comunicazione (L-20)
70009	9	0380106203400001	scienze geologiche (L-34)
70009	8	0380104015000001	scienze giuridiche (31)
70009	8	0380106201400001	scienze giuridiche della sicurezza e della prevenzione - già operatore dei servizi giuridici (L-14)
70009	15	0380106202200001	scienze motorie (L-22)
70009	14	0380106204700005	tecnica della riabilitazione psichiatrica (L/SNT2)
70009	14	0380106204800001	tecniche di laboratorio biomedico (L/SNT3)
70009	14	0380106204800002	tecniche di radiologia medica, per immagini e radioterapia (L/SNT3)
70009	13	0380106202500001	tecnologie agrarie e gestione sostenibile degli agroecosistemi - già tecnologie agrarie e acquacoltura del delta (L-25)
70009	12	0380106205600001	tecnologie per l'industria digitale (L-P03)
70010	14	0480106204900002	assistenza sanitaria (L/SNT4)
70010	9	0480106200200002	biotecnologie (L-2)
70010	9	0480104005300001	chimica (21)
70010	9	0480106202700005	chimica (L-27)
70010	2	0480106200400003	design tessile e moda (L-4)
70010	9	0480106204400001	diagnostica e materiali per la conservazione e il restauro - già tecnologie per la conservazione e il restauro (L-43)
70010	14	0480106204800002	dietistica (L/SNT3)
70010	2	0480104009300001	discipline delle arti, della musica e dello spettacolo (23)
70010	2	0480106200300002	discipline delle arti, della musica e dello spettacolo (L-3)
70010	7	0480106201800001	economia aziendale (L-18)
70010	7	0480104015300001	economia e commercio (28)
70010	7	0480106203300002	economia e commercio (L-33)
70010	7	0480104015400001	economia e gestione dei servizi turistici (17)
70010	1	0480104010400001	educatore professionale (18)
70010	14	0480106204700002	educazione professionale (L/SNT2)
70010	3	0480106200500001	filosofia (L-5)
70010	9	0480106203000003	fisica e astrofisica (L-30)
70010	14	0480106204700005	fisioterapia (L/SNT2)
70010	14	0480106204600002	infermieristica (L/SNT1)
70010	10	0480106203100002	informatica (L-31)
70010	12	0480106200800003	ingegneria biomedica (L-8,L-9)
70010	11	0480104000800001	ingegneria civile (8)
70010	11	0480106200700002	ingegneria civile e edile per la sostenibilità  - già ingegneria civile, edile e ambientale (L-7)
70010	11	0480106202300001	ingegneria edile (L-23)
70010	12	0480106200800001	ingegneria elettronica - già ingegneria elettronica e delle telecomunicazioni (L-8)
70010	12	0480106200900005	ingegneria gestionale - dall'a.a. 2016/17 (L-9)
70010	12	0480104000500002	ingegneria industriale (10)
70010	12	0480106200800002	ingegneria informatica (L-8)
70010	12	0480104000500001	ingegneria meccanica (10)
70010	12	0480106200900004	ingegneria meccanica (L-9)
70010	3	0480104009800001	lettere (5)
70010	3	0480106201000003	lettere - già lettere moderne (L-10)
70010	4	0480106201100002	lingue, letterature e studi interculturali (L-11)
70010	14	0480106204700007	logopedia (L/SNT2)
70010	9	0480106203500001	matematica (L-35)
70010	5	0480104009200003	media e giornalismo (14)
70010	14	0480106204600003	ostetricia (L/SNT1)
70010	9	0480106203000002	ottica e optometria (L-30)
70010	11	0480106202100001	pianificazione della città, del territorio e del paesaggio (L-21)
70010	2	0480106200400002	product, interior, communication and eco-social design - design del prodotto, degli interni, della comunicazione e eco-sociale (L-4)
70010	2	0480106200300001	progettazione e gestione di eventi e imprese dell'arte e dello spettacolo (L-3)
70010	13	0480106202500006	scienze agrarie (L-25)
70010	9	0480106201300002	scienze biologiche (L-13)
70010	8	0480106201400001	scienze dei servizi giuridici (L-14)
70010	11	0480106201700001	scienze dell'architettura (L-17)
70010	1	0480106201900003	scienze dell'educazione e della formazione - già scienze della formazione continua e tecnologie dell'istruzione (L-19)
70010	1	0480106201900002	scienze dell'educazione sociale (L-19)
70010	1	0480106201900001	scienze dell'infanzia (L-19)
70010	6	0480104005700004	scienze e tecniche di psicologia clinica e di comunità (34)
70010	6	0480104005700001	scienze e tecniche di psicologia generale e sperimentale (34)
70010	6	0480106202400007	scienze e tecniche psicologiche (L-24)
70010	9	0480106202900001	scienze farmaceutiche applicate-controllo qualità (L-29)
70010	13	0480106202500009	scienze faunistiche (L-38, ex L-25)
70010	13	0480106202500005	scienze forestali e ambientali (L-25)
70010	9	0480106203400001	scienze geologiche (L-34)
70010	8	0480104015000001	scienze giuridiche (31)
70010	8	0480106201400002	scienze giuridiche della sicurezza (L-14)
70010	15	0480104023200001	scienze motorie (33)
70010	15	0480106202200001	scienze motorie, sport e salute (L-22)
70010	9	0480106203200001	scienze naturali (L-32)
70010	5	0480106203600005	scienze politiche (L-36)
70010	5	0480106202000001	scienze umanistiche per la comunicazione (L-20)
70010	13	0480106202500004	scienze vivaistiche e progettazione degli spazi verdi - già scienze e tecnologie per la gestione degli spazi verdi e del paesaggio (L-25)
70010	14	0480106203900001	servizio sociale - già sociologia e politiche sociali (L-39, ex L-40)
70010	5	0480104017200001	sociologia - già scienze sociali (36)
70010	9	0480106204100001	statistica (L-41)
70010	3	0480106204200002	storia (L-42)
70010	2	0480106200100003	storia e tutela dei beni archeologici, artistici, archivistici e librari (L-1)
70010	2	0480104008700001	storia e tutela dei beni artistici (13)
70010	7	0480106201800002	sustainable business for societal challenges - economia sostenibile per le sfide sociali (L-18)
70010	5	0480106203700002	sviluppo sostenibile, cooperazione e gestione dei conflitti - già sviluppo economico, cooperazione internazionale socio-sanitaria e gestione dei conflitti (L-37)
70010	14	0480106204900001	tecniche della prevenzione nell'ambiente e nei luoghi di lavoro (L/SNT4)
70010	14	0480106204800004	tecniche di laboratorio biomedico (L/SNT3)
70010	14	0480106204800005	tecniche di neurofisiopatologia (L/SNT3)
70010	14	0480106204800003	tecniche di radiologia medica, per immagini e radioterapia (L/SNT3)
70010	14	0480106204800001	tecniche ortopediche (L/SNT3)
70010	13	0480106202600001	tecnologie alimentari (L-26)
70010	13	0480106202500011	tecnologie e trasformazioni avanzate per il settore legno arredo edilizia (L-25)
70010	13	0480106205500001	tecnologie e trasformazioni avanzate per il settore legno arredo edilizia (L-P02)
70010	13	0480106202500010	viticoltura ed enologia (L-25,L-26)
70011	9	0100106200200004	biotecnologie (L-2)
70011	9	0100106202700001	chimica e tecnologie chimiche (L-27)
70011	2	0100104008700001	conservazione dei beni culturali (13)
70011	2	0100106200100001	conservazione dei beni culturali (L-1)
70011	2	0100106200400001	design del prodotto e della comunicazione - già design del prodotto e della nautica (L-4)
70011	2	0100106200400002	design del prodotto nautico (L-4)
70011	14	0100106204800008	dietistica (L/SNT3)
70011	7	0100106201400010	diritto ed economia delle imprese (L-14,L-18)
70011	7	0100106201800002	economia aziendale (L-18)
70011	7	0100104015300002	economia del turismo (28)
70011	7	0100106201800004	economia delle aziende marittime, della logistica e dei trasporti (L-18)
70011	7	0100104015400004	economia marittima e dei trasporti (17)
70011	14	0100106204700002	educazione professionale (L/SNT2)
70011	1	0100104010400002	esperto in processi formativi (18)
70011	3	0100106200500002	filosofia (L-5)
70011	9	0100106203000004	fisica (L-30)
70011	14	0100106204700004	fisioterapia (L/SNT2)
70011	14	0100106204800007	igiene dentale (L/SNT3)
70011	14	0100106204600001	infermieristica (L/SNT1)
70011	14	0100106204600003	infermieristica pediatrica (L/SNT1)
70011	10	0100106203100002	informatica (L-31)
70011	12	0100106200800004	ingegneria biomedica (L-8)
70011	12	0100106200900005	ingegneria chimica e di processo - già ingegneria chimica (L-9)
70011	11	0100106200700001	ingegneria civile, edile e ambientale - già ingegneria civile e ambientale (L-7)
70011	11	0100104000800001	ingegneria dell'ambiente (8)
70011	12	0100106200900004	ingegneria dell'energia - già ingegneria meccanica-energia e produzione (L-9)
70011	12	0100106200900002	ingegneria elettrica (L-9)
70011	12	0100106200800005	ingegneria elettronica e tecnologie dell'informazione (L-8)
70011	12	0100106200900010	ingegneria gestionale (L-9)
70011	12	0100106200800002	ingegneria informatica (L-8)
70011	12	0100104000500003	ingegneria meccanica (10)
70011	12	0100106200900003	ingegneria meccanica (L-9)
70011	12	0100106200900006	ingegneria nautica (L-9)
70011	12	0100106200900007	ingegneria navale - sede di Genova (L-9)
70011	3	0100106201000006	lettere (L-10)
70011	4	0100106201100001	lingue e culture moderne (L-11)
70011	14	0100106204700001	logopedia (L/SNT2)
70011	9	0100106202800001	maritime science and technology - scienza e tecnologia marittima (L-28)
70011	9	0100106203500002	matematica (L-35)
70011	5	0100106202000001	media, comunicazione e società - già scienze della comunicazione (L-20)
70011	14	0100106204700005	ortottica ed assistenza oftalmologica (L/SNT2)
70011	14	0100106204600004	ostetricia (L/SNT1)
70011	14	0100106204700006	podologia (L/SNT2)
70011	9	0100106203000001	scienza dei materiali (L-30)
70011	9	0100106203200002	scienze ambientali (L-32)
70011	9	0100106203200001	scienze ambientali e naturali (L-32)
70011	9	0100104005500002	scienze biologiche (12)
70011	9	0100106201300002	scienze biologiche (L-13)
70011	7	0100106201500001	scienze del turismo: impresa, cultura e territorio (L-15)
70011	5	0100106203600006	scienze dell'amministrazione e della politica - già scienze politiche e dell'amministrazione (L-16, ex L-36)
70011	11	0100106201700001	scienze dell'architettura (L-17)
70011	1	0100106201900001	scienze dell'educazione e della formazione - già scienze pedagogiche e dell'educazione (L-19)
70011	5	0100104009200001	scienze della comunicazione (14)
70011	6	0100106202400001	scienze e tecniche psicologiche (L-24)
70011	7	0100106203300001	scienze economiche e finanziarie - già economia e commercio (L-33)
70011	9	0100106203400001	scienze geologiche (L-34)
70011	8	0100104015000001	scienze giuridiche (31)
70011	5	0100106203600001	scienze internazionali e diplomatiche (L-36)
70011	15	0100106202200001	scienze motorie, sport e salute (L-22)
70011	1	0100104010400001	scienze pedagogiche e dell'educazione (18)
70011	8	0100106201400008	servizi legali all'impresa e alla pubblica amministrazione - già giurista dell'impresa e dell'amministrazione (L-14)
70011	14	0100104016800001	servizio sociale (6)
70011	14	0100106203900003	servizio sociale (L-39)
70011	9	0100106203500001	statistica matematica e trattamento informatico dei dati (L-35)
70011	3	0100104010600001	storia (38)
70011	3	0100106204200001	storia (L-42)
70011	14	0100106204700008	tecnica della riabilitazione psichiatrica (L/SNT2)
70011	14	0100106204900001	tecniche della prevenzione nell'ambiente e nei luoghi di lavoro (L/SNT4)
70011	14	0100106204800006	tecniche di fisiopatologia cardiocircolatoria e perfusione cardiovascolare (L/SNT3)
70011	14	0100106204800001	tecniche di laboratorio biomedico (L/SNT3)
70011	14	0100106204800002	tecniche di radiologia medica, per immagini e radioterapia (L/SNT3)
70011	14	0100106204800004	tecniche ortopediche (L/SNT3)
70011	12	0100106205600001	tecnologie industriali (L-P03)
70011	11	0100106205400002	tecnologie per l'edilizia e il territorio (L-P01)
70011	4	0100106201200001	teorie e tecniche della mediazione interlinguistica (L-12)
70011	14	0100106204700009	terapia della neuro e psicomotricità dell'età evolutiva (L/SNT2)
70012	2	0750106200100002	beni culturali (L-1)
70012	9	0750106200200002	biotecnologie (L-2)
70012	4	0750104021100003	comunicazione linguistica interculturale (3)
70012	8	0750106201400001	diritto e management dello sport (L-14)
70012	2	0750106200300001	discipline delle arti, della musica e dello spettacolo (L-3)
70012	7	0750106201800002	economia aziendale (L-18)
70012	7	0750106203300002	economia, finanza e innovazione - già economia e finanza (L-33)
70012	1	0750106201900001	educazione sociale e tecniche dell'intervento educativo - già educatore socio-culturale (L-19)
70012	3	0750106200500004	filosofia (L-5)
70012	9	0750106203000002	fisica (L-30)
70012	14	0750106204600001	infermieristica (L/SNT1)
70012	12	0750106200900006	ingegneria biomedica (L-9)
70012	11	0750106200700004	ingegneria civile (L-7)
70012	12	0750106200800001	ingegneria dell'informazione: elettronica, informatica e telecomunicazioni - già ingegneria dell'informazione (L-8)
70012	12	0750106200900002	ingegneria meccanica - già ingegneria industriale (L-9)
70012	12	0750106200900004	ingegneria per l'industria sostenibile - già ingegneria industriale (L-9)
70012	3	0750106201000001	lettere (L-10)
70012	4	0750106201100006	lingue, culture e letterature straniere - già lingue, letterature e comunicazione interculturale (L-11, ex L-12)
70012	7	0750106201500001	management delle organizzazioni turistiche - già manager del turismo (L-15)
70012	7	0750106201800003	management digitale (L-18)
70012	9	0750106203500002	matematica (L-35)
70012	9	0750106203000003	ottica e optometria (L-30)
70012	1	0750104010400001	pedagogia dell'infanzia (18)
70012	4	0750106201200004	scienza e tecnica della mediazione linguistica (L-12)
70012	6	0750106202400002	scienza e tecniche psicologiche (L-24)
70012	9	0750106201300002	scienze biologiche (L-13)
70012	5	0750106202000001	scienze della comunicazione (L-20)
70012	9	0750106203200001	scienze e tecnologie per l'ambiente (L-32)
70012	15	0750106202200001	scienze motorie e dello sport (L-22)
70012	5	0750104016400001	scienze politiche e delle relazioni internazionali (15)
70012	5	0750106203600010	scienze politiche e delle relazioni internazionali (L-36)
70012	3	0750104009600001	scienze umane e morali (29)
70012	14	0750106203900001	servizio sociale (L-39)
70012	5	0750106204000001	sociologia (L-40)
70012	9	0750106203200002	sviluppo sostenibile e cambiamenti climatici (L-32)
70012	13	0750106202500001	viticoltura ed enologia (L-25)
70013	2	0430106200100002	beni culturali e turismo (L-1,L-15)
70013	2	0430104008700002	conservazione e gestione dei beni culturali - già scienze e conservazione dei beni archivistici e librari (13)
70013	7	0430106201800003	economia e management - già economia: banche, aziende e mercati (L-18)
70013	7	0430106203300001	economia e marketing per la sostenibilità - già economia, territorio e ambiente (L-33)
70013	3	0430106200500001	filosofia (L-5)
70013	8	0430106201400002	international, european and comparative legal studies - studi giuridici internazionali, europei e comparati (L-14)
70013	3	0430106201000001	lettere (L-10)
70013	3	0430104009800001	lettere - già lettere classiche (5)
70013	4	0430106201100001	lingue e culture straniere occidentali e orientali (L-11)
70013	4	0430106201200001	mediazione linguistica per l'impresa internazionale e i media digitali - già discipline della mediazione linguistica (L-12)
70013	1	0430106201900001	scienze dell'educazione e della formazione (L-19)
70013	5	0430106202000001	scienze della comunicazione (L-20)
70013	8	0430106201400001	scienze per i servizi giuridici - già scienze giuridiche applicate (L-14)
70013	5	0430104016400001	scienze politiche (15)
70013	5	0430106203600002	scienze politiche e relazioni internazionali (L-36)
70013	14	0430106203900001	teorie, culture e tecniche per il servizio sociale (L-39)
70014	2	0830106200100001	beni archeologici: territorio, insediamenti, cultura materiale - già beni culturali (L-1)
70014	9	0830106200200003	biotecnologie (L-2)
70014	9	0830106202700001	chimica (L-27)
70014	8	0830106201400001	consulente del lavoro e scienze dei servizi giuridici (L-14)
70014	8	0830106201400003	diritto delle nuove tecnologie (L-14)
70014	2	0830106201500001	discipline delle arti, della musica e dello spettacolo - già turismo culturale e discipline delle arti, della musica e dello spettacolo (L-3, ex L-15)
70014	7	0830104015400002	economia aziendale (17)
70014	7	0830106201800011	economia aziendale (L-18)
70014	7	0830104015300003	economia del turismo e dell'ambiente (28)
70014	7	0830104015300001	economia e commercio (28)
70014	7	0830106203300012	economia, banca e finanza - già scienze economiche (L-33)
70014	3	0830106200500002	filosofia (L-5)
70014	9	0830106203000004	fisica (L-30)
70014	14	0830106204700001	fisioterapia (L/SNT2)
70014	14	0830106204600001	infermieristica (L/SNT1)
70014	14	0830106204600002	infermieristica pediatrica (L/SNT1)
70014	10	0830104005100001	informatica (26)
70014	10	0830106203100001	informatica (L-31)
70014	12	0830106200800002	ingegneria biomedica (L-8)
70014	11	0830104000800001	ingegneria civile (8)
70014	11	0830106200700001	ingegneria civile - già ingegneria civile e dei sistemi edilizi (L-7, ex L-23)
70014	11	0830104000100001	ingegneria edile - già ingegneria edile per il recupero (4)
70014	12	0830106200800001	ingegneria elettronica e informatica (L-8)
70014	12	0830106200900002	ingegneria gestionale - già ingegneria navale (L-9)
70014	12	0830106200900001	ingegneria industriale (L-9)
70014	3	0830104009800001	lettere (5)
70014	3	0830106201000001	lettere (L-10)
70014	4	0830106201100001	lingue, letterature straniere e tecniche della mediazione linguistica (L-11,L-12)
70014	14	0830106204700002	logopedia (L/SNT2)
70014	7	0830106201800012	management d'impresa (L-18)
70014	9	0830106203500002	matematica (L-35)
70014	2	0830104008700001	operatore dei beni culturali (13)
70014	14	0830106204700003	ortottica ed assistenza oftalmologica (L/SNT2)
70014	14	0830106204600003	ostetricia (L/SNT1)
70014	9	0830106203200002	scienze ambientali marine e terrestri - già scienze dell'ambiente e della natura (L-32)
70014	9	0830104005500002	scienze biologiche (12)
70014	9	0830106201300002	scienze biologiche (L-13)
70014	14	0830106203900001	scienze del servizio sociale (L-39)
70014	7	0830106201500002	scienze del turismo, della cultura e dell'impresa (L-15)
70014	5	0830106201600001	scienze dell'amministrazione e dell'organizzazione - già scienze dell'amministrazione e dello sviluppo economico (L-16)
70014	5	0830104016600001	scienze dell'amministrazione e dello sviluppo economico - già scienze del governo e dell'amministrazione (19)
70014	1	0830106201900001	scienze dell'educazione e della formazione (L-19)
70014	5	0830106202000003	scienze dell'informazione: tecniche giornalistiche e social media - già scienze dell'informazione: comunicazione pubblica e tecniche giornalistiche (L-20, ex L-16)
70014	5	0830106202000001	scienze della comunicazione (L-20)
70014	1	0830106201900002	scienze della formazione e della comunicazione (L-19,L-20)
70014	6	0830106202400001	scienze e tecniche psicologiche (L-24)
70014	6	0830106202400002	scienze e tecniche psicologiche cliniche e preventive (L-24)
70014	9	0830106202800001	scienze e tecnologie della navigazione (L-28)
70014	13	0830106202600002	scienze gastronomiche (L-26)
70014	8	0830104015000001	scienze giuridiche (31)
70014	15	0830106202200001	scienze motorie, sport e salute (L-22)
70014	9	0830106202900001	scienze nutraceutiche e alimenti funzionali (L-29)
70014	5	0830104016400005	scienze politiche (15)
70014	5	0830106203600001	scienze politiche e delle relazioni internazionali (L-36)
70014	5	0830106201600002	scienze politiche, amministrazione e servizi (L-16, ex L-36)
70014	13	0830106203800001	scienze, tecnologie e sicurezza delle produzioni animali (L-38)
70014	9	0830106202700006	sostenibilità ed innovazione ambientale (L-27)
70014	14	0830106204700005	tecnica della riabilitazione psichiatrica (L/SNT2)
70014	14	0830106204800003	tecniche audioprotesiche (L/SNT3)
70014	14	0830106204900001	tecniche della prevenzione nell'ambiente e nei luoghi di lavoro (L/SNT4)
70014	14	0830106204800004	tecniche di laboratorio biomedico (L/SNT3)
70014	14	0830106204800005	tecniche di neurofisiopatologia (L/SNT3)
70014	14	0830106204800006	tecniche di radiologia medica, per immagini e radioterapia (L/SNT3)
70014	5	0830104009200002	tecnologie dell'istruzione e della comunicazione (14)
70014	13	0830104006000001	tecnologie, igiene e sanità degli allevamenti estensivi eco-compatibili (40)
70014	14	0830106204700004	terapia della neuro e psicomotricità dell'età evolutiva (L/SNT2)
70015	13	0150106202500001	agricoltura sostenibile - già scienze e tecnologie agrarie (L-25)
70015	13	0150106202500004	agrotecnologie per l'ambiente e il territorio (L-25)
70015	13	0150106203800001	allevamento e benessere degli animali d'affezione - già allevamento e benessere animale (L-38)
70015	14	0150106204900001	assistenza sanitaria (L/SNT4)
70015	9	0150106204400001	beni culturali: scienze, tecnologie e diagnostica - già scienze e tecnologie per lo studio e la conservazione dei beni culturali e dei supporti della informazione (L-43)
70015	9	0150106200200016	biotecnologia (L-2)
70015	9	0150106200200003	biotecnologie mediche (L-2)
70015	9	0150106202700003	chimica (L-27)
70015	9	0150106202700001	chimica industriale (L-27)
70015	10	0150104005100004	comunicazione digitale (26)
70015	5	0150106202000001	comunicazione e società (L-20)
70015	14	0150106204800009	dietistica (L/SNT3)
70015	7	0150106201800001	economia e management (L-18,L-33)
70015	7	0150106203300001	economia europea (L-33)
70015	14	0150106204700001	educazione professionale (L/SNT2)
70015	3	0150106200500001	filosofia (L-5)
70015	9	0150104005200001	fisica (25)
70015	9	0150106203000001	fisica (L-30)
70015	14	0150106204700002	fisioterapia (L/SNT2)
70015	5	0150106200600002	geografia, ambiente e territorio - già scienze umane dell'ambiente, del territorio e del paesaggio (L-6)
70015	14	0150106204800008	igiene dentale (L/SNT3)
70015	14	0150106204600001	infermieristica (L/SNT1)
70015	14	0150104050400001	infermieristica (SNT/1)
70015	14	0150106204600004	infermieristica pediatrica (L/SNT1)
70015	10	0150106203100002	informatica - sede di Milano (L-31)
70015	10	0150106203100003	informatica musicale (L-31)
70015	10	0150106203100001	informatica per la comunicazione digitale (L-31)
70015	5	0150106203600003	international politics, law and economics - politica, diritto ed economia internazionali  (L-36)
70015	3	0150104009800001	lettere (5)
70015	3	0150106201000001	lettere (L-10)
70015	4	0150106201100001	lingue e letterature moderne - già lingue e letterature straniere (L-11)
70015	14	0150106204700003	logopedia (L/SNT2)
70015	5	0150106201600003	management delle organizzazioni e del lavoro - già scienze del lavoro dell'amministrazione e del management (L-16)
70015	5	0150106201600004	management e politiche delle amministrazioni pubbliche - già management pubblico e della sanità (L-16)
70015	9	0150106203500001	matematica (L-35)
70015	4	0150104021100001	mediazione linguistica e culturale (3)
70015	4	0150106201200001	mediazione linguistica e culturale applicata all'ambito economico, giuridico e sociale - fino all'a.a. 2021/22 (L-12)
70015	14	0150106204700004	ortottica ed assistenza oftalmologica (L/SNT2)
70015	14	0150106204600003	ostetricia (L/SNT1)
70015	14	0150106204700005	podologia (L/SNT2)
70015	13	0150106202500013	produzione e protezione delle piante e dei sistemi del verde (L-25)
70015	9	0150106203200002	scienze ambientali e politiche per la sostenibilità - già scienze e politiche ambientali (L-32)
70015	9	0150104005500001	scienze biologiche (12)
70015	9	0150106201300005	scienze biologiche (L-13)
70015	2	0150106200100001	scienze dei beni culturali (L-1)
70015	9	0150106202900002	scienze dei prodotti naturali per la salute - già scienze e tecnologie erboristiche (L-29)
70015	8	0150106201400003	scienze dei servizi giuridici (L-14)
70015	13	0150106202600003	scienze della ristorazione e distribuzione degli alimenti - già scienze e tecnologie della ristorazione (L-26)
70015	13	0150106203800002	scienze delle produzioni animali - già produzioni animali, alimenti e salute (L-38)
70015	13	0150104006300002	scienze e tecnologie agrarie (20)
70015	13	0150106202600004	scienze e tecnologie per alimenti sostenibili - già scienze e tecnologie alimentari (L-26)
70015	9	0150106203400004	scienze geologiche (L-34)
70015	8	0150104015000001	scienze giuridiche (31)
70015	5	0150104016400001	scienze internazionali e istituzioni europee (15)
70015	5	0150106203600002	scienze internazionali e istituzioni europee (L-36)
70015	15	0150104023200001	scienze motorie e sport (33)
70015	15	0150106202200001	scienze motorie, sport e salute (L-22)
70015	9	0150104005600001	scienze naturali (27)
70015	9	0150106203200001	scienze naturali (L-32)
70015	5	0150104016400002	scienze politiche (15)
70015	5	0150106203600001	scienze politiche (L-36)
70015	5	0150106203700002	scienze sociali per la globalizzazione (L-37)
70015	3	0150104010600001	scienze storiche (38)
70015	5	0150104009200002	scienze umanistiche per la comunicazione (14)
70015	5	0150106202000002	scienze umanistiche per la comunicazione (L-20)
70015	10	0150104005100008	sicurezza dei sistemi e delle reti informatiche (26)
70015	10	0150106203100005	sicurezza dei sistemi e delle reti Informatiche - già informatica (L-31)
70015	10	0150106203100004	sicurezza dei sistemi e delle reti informatiche - sede di Crema (L-31)
70015	3	0150106204200002	storia (L-42)
70015	14	0150106204700006	tecnica della riabilitazione psichiatrica (L/SNT2)
70015	14	0150106204800001	tecniche audiometriche (L/SNT3)
70015	14	0150106204800010	tecniche audioprotesiche (L/SNT3)
70015	14	0150106204900002	tecniche della prevenzione nell'ambiente e nei luoghi di lavoro (L/SNT4)
70015	14	0150106204800007	tecniche di fisiopatologia cardiocircolatoria e perfusione cardiovascolare (L/SNT3)
70015	14	0150106204800002	tecniche di laboratorio biomedico (L/SNT3)
70015	14	0150106204800005	tecniche di neurofisiopatologia (L/SNT3)
70015	14	0150106204800004	tecniche di radiologia medica, per immagini e radioterapia (L/SNT3)
70015	14	0150106204800006	tecniche ortopediche (L/SNT3)
70015	14	0150106204700007	terapia della neuro e psicomotricità dell'età evolutiva (L/SNT2)
70015	14	0150106204700008	terapia occupazionale (L/SNT2)
70015	9	0150106202900003	tossicologia per la sicurezza umana e ambientale - già scienze e sicurezza chimico-tossicologiche dell'ambiente (L-29)
70015	13	0150106202500002	valorizzazione e tutela dell'ambiente e del territorio montano (L-25)
70015	13	0150106202500003	viticoltura ed enologia (L-25)
70017	9	0360106204100001	analisi dei dati per l'impresa e la finanza (L-41)
70017	14	0360106204900001	assistenza sanitaria (L/SNT4)
70017	9	0360106200200001	biotecnologie (L-2)
70017	9	0360106202700001	chimica (L-27)
70017	11	0360106205400001	costruzioni e gestione del territorio (L-P01)
70017	14	0360106204800008	dietistica (L/SNT3)
70017	1	0360106201900002	digital education - educazione digitale (L-19)
70017	7	0360106201800010	digital marketing - marketing digitale (L-18)
70017	7	0360106201800008	economia aziendale e management - già economia aziendale (L-18)
70017	7	0360106203300002	economia e finanza (L-33)
70017	7	0360106201800007	economia e marketing internazionale (L-18)
70017	9	0360106203000004	fisica (L-30)
70017	14	0360106204700019	fisioterapia (L/SNT2)
70017	14	0360106204800007	igiene dentale (L/SNT3)
70017	14	0360106204600008	infermieristica - sede di Modena (L/SNT1)
70017	14	0360106204600012	infermieristica - sede di Reggio Emilia (L/SNT1)
70017	10	0360106203100001	informatica (L-31)
70017	11	0360106200700004	ingegneria civile e ambientale (L-7)
70017	12	0360106200900006	ingegneria del veicolo (L-9)
70017	12	0360106200800003	ingegneria elettronica (L-8)
70017	12	0360106200900003	ingegneria gestionale (L-9,L-8)
70017	12	0360106200800004	ingegneria informatica - sede di Mantova (L-8)
70017	12	0360106200800002	ingegneria informatica - sede di Modena (L-8)
70017	12	0360106200900002	ingegneria meccanica (L-9)
70017	12	0360106200900005	ingegneria meccatronica (L-9,L-8)
70017	12	0360106200900007	ingegneria per l'industria intelligente (L-9)
70017	4	0360106201200004	lingue e culture europee (L-12)
70017	14	0360106204700020	logopedia (L/SNT2)
70017	7	0360106201800009	marketing e organizzazione d'impresa (L-18)
70017	9	0360106203500002	matematica (L-35)
70017	14	0360106204600010	ostetricia (L/SNT1)
70017	9	0360106201300001	scienze biologiche (L-13)
70017	8	0360106201400003	scienze dei servizi giuridici - già scienze giuridiche dell'impresa e della pubblica amministrazione (L-14)
70017	1	0360106201900001	scienze dell'educazione per il nido e le professioni socio-pedagogiche - già scienze dell'educazione (L-19)
70017	5	0360106202000001	scienze della comunicazione (L-20)
70017	6	0360106202400001	scienze e tecniche psicologiche (L-24)
70017	13	0360106202500004	scienze e tecnologie agrarie e degli alimenti (L-25,L-26)
70017	9	0360106203400001	scienze geologiche (L-34)
70017	9	0360106203200001	scienze naturali (L-32)
70017	5	0360106205200001	scienze strategiche (L/DS)
70017	3	0360106200500003	storia e culture contemporanee - già scienze della cultura (L-42, ex L-5)
70017	14	0360106204700012	tecnica della riabilitazione psichiatrica (L/SNT2)
70017	14	0360106204800011	tecniche di fisiopatologia cardiocircolatoria e perfusione cardiovascolare (L/SNT3)
70017	14	0360106204800001	tecniche di laboratorio biomedico (L/SNT3)
70017	14	0360106204800006	tecniche di radiologia medica, per immagini e radioterapia (L/SNT3)
70017	12	0360106205600001	tecnologie per l'industria intelligente (L-P03)
70017	14	0360106204700009	terapia occupazionale (L/SNT2)
70018	2	0630106200100005	archeologia e storia delle arti (L-1)
70018	2	0630106200100007	archeologia, storia delle arti e scienze del patrimonio culturale (L-1)
70018	9	0630106201300002	biologia - già biologia generale e applicata (L-13)
70018	9	0630106200200002	biotecnologie molecolari e industriali - già biotecnologie biomolecolari e industriali (L-2)
70018	9	0630106200200004	biotecnologie per la salute (L-2)
70018	9	0630106202700002	chimica (L-27)
70018	9	0630106202700003	chimica industriale (L-27)
70018	9	0630106202900003	controllo di qualità (L-29)
70018	5	0630106204000002	culture digitali e della comunicazione (L-40)
70018	2	0630106200400001	design per la comunità (L-4)
70018	14	0630106204800007	dietistica (L/SNT3)
70018	7	0630104015400001	economia aziendale (17)
70018	7	0630106201800001	economia aziendale (L-18)
70018	7	0630106201800002	economia delle imprese finanziarie (L-18)
70018	7	0630106203300002	economia e commercio (L-33)
70018	11	0630104000100002	edilizia (4)
70018	3	0630104009600001	filosofia (29)
70018	3	0630106200500004	filosofia (L-5)
70018	9	0630106203000002	fisica (L-30)
70018	14	0630106204700002	fisioterapia (L/SNT2)
70018	13	0630106203800001	gestione degli animali e delle produzioni - già tecnologie delle produzioni animali (L-38)
70018	7	0630106201800003	hospitality management - gestione dell'ospitalità turistica (L-18)
70018	14	0630106204800008	igiene dentale (L/SNT3)
70018	14	0630106204600001	infermieristica (L/SNT1)
70018	14	0630106204600002	infermieristica pediatrica (L/SNT1)
70018	10	0630106203100001	informatica (L-31)
70018	12	0630104000500002	ingegneria aerospaziale (10)
70018	12	0630106200900006	ingegneria aerospaziale (L-9)
70018	12	0630106200800007	ingegneria biomedica - dall'a.a. 2020/21 (L-8,L-9)
70018	12	0630106200800003	ingegneria biomedica - fino all'a.a. 2019/20 (L-8)
70018	12	0630106200900004	ingegneria chimica (L-9)
70018	11	0630106200700002	ingegneria civile (L-7)
70018	12	0630106200900007	ingegneria dei materiali e biomateriali - già scienza e ingegneria dei materiali (L-9)
70018	12	0630106200800001	ingegneria dell'automazione e robotica - già ingegneria dell'automazione (L-8)
70018	12	0630104001000007	ingegneria delle telecomunicazioni (9)
70018	12	0630106200800005	ingegneria delle telecomunicazioni e dei media digitali - già ingegneria delle telecomunicazioni (L-8)
70018	11	0630106202300001	ingegneria edile per la sostenibilità - già ingegneria edile (L-23)
70018	12	0630106200900010	ingegneria elettrica (L-9)
70018	12	0630106200800004	ingegneria elettronica (L-8)
70018	12	0630106200900005	ingegneria gestionale - già ingegneria gestionale della logistica e della produzione (L-9)
70018	11	0630106200700003	ingegneria gestionale delle costruzioni - già ingegneria delle infrastrutture e servizi (L-7)
70018	12	0630106200800002	ingegneria informatica (L-8)
70018	12	0630106200900009	ingegneria meccanica (L-9)
70018	12	0630106200800006	ingegneria meccatronica (L-8)
70018	12	0630106200900008	ingegneria navale (L-9)
70018	12	0630106200900001	ingegneria navale - interateneo (L-9)
70018	11	0630106200700001	ingegneria per l'ambiente e il territorio (L-7)
70018	3	0630106201000002	lettere classiche (L-10)
70018	3	0630106201000003	lettere moderne (L-10)
70018	4	0630104010200001	lingue, culture e letterature moderne europee (11)
70018	4	0630106201100001	lingue, culture e letterature moderne europee (L-11)
70018	14	0630106204700001	logopedia (L/SNT2)
70018	9	0630106203500004	matematica (L-35)
70018	12	0630106205600001	meccatronica (L-P03)
70018	14	0630106204700003	ortottica ed assistenza oftalmologica (L/SNT2)
70018	14	0630106204600003	ostetricia (L/SNT1)
70018	9	0630106203000003	ottica e optometria (L-30)
70018	13	0630106202500010	scienze agrarie, forestali e ambientali (L-25)
70018	9	0630104005500001	scienze biologiche (12)
70018	9	0630106201300003	scienze biologiche (L-13)
70018	8	0630106201400001	scienze dei servizi giuridici (L-14)
70018	14	0630104016800001	scienze del servizio sociale (6)
70018	14	0630106203900001	scienze del servizio sociale - già servizio sociale (L-39)
70018	7	0630106201500001	scienze del turismo ad indirizzo manageriale (L-15)
70018	5	0630106201600004	scienze dell'amministrazione e dell'organizzazione - già scienze politiche dell'amministrazione (L-16)
70018	11	0630104000100001	scienze dell'architettura (4)
70018	11	0630106201700011	scienze dell'architettura (L-17)
70018	6	0630106202400001	scienze e tecniche psicologiche (L-24)
70018	9	0630106202900001	scienze e tecnologie erboristiche - già scienze erboristiche (L-29)
70018	7	0630106205300001	scienze gastronomiche mediterranee (L/GASTR)
70018	9	0630106203400002	scienze geologiche (L-34)
70018	9	0630106202900004	scienze nutraceutiche (L-29)
70018	9	0630106203200001	scienze per la natura e per l'ambiente - già scienze e tecnologie per la natura e per l'ambiente (L-32)
70018	5	0630106203600001	scienze politiche (L-36)
70018	5	0630106204000001	sociologia (L-40)
70018	9	0630106204100001	statistica e tecnologie per l'analisi dei dati - già statistica per l'impresa e la società (L-41)
70018	3	0630106204200001	storia (L-42)
70018	14	0630106204800011	tecniche audiometriche (L/SNT3)
70018	14	0630106204800013	tecniche audioprotesiche (L/SNT3)
70018	14	0630106204900001	tecniche della prevenzione nell'ambiente e nei luoghi di lavoro (L/SNT4)
70018	14	0630106204800010	tecniche di fisiopatologia cardiocircolatoria e perfusione cardiovascolare (L/SNT3)
70018	14	0630106204800003	tecniche di laboratorio biomedico (L/SNT3)
70018	14	0630106204800005	tecniche di neurofisiopatologia (L/SNT3)
70018	14	0630106204800004	tecniche di radiologia medica, per immagini e radioterapia (L/SNT3)
70018	14	0630106204800009	tecniche ortopediche (L/SNT3)
70018	13	0630106202600004	tecnologie alimentari (L-26)
70018	11	0630106205400001	tecnologie digitali per le costruzioni (L-P01)
70018	11	0630106202100001	urbanistica sostenibile - già sviluppo sostenibile e reti territoriali (L-21)
70018	13	0630106202500006	viticoltura ed enologia (L-25)
70019	13	0280106203800006	animal care - tutela del benessere animale (L-38)
70019	2	0280106200100006	archeologia (L-1)
70019	14	0280106204900001	assistenza sanitaria - sedi di Conegliano e Treviso (L/SNT4)
70019	9	0280106203000005	astronomia (L-30)
70019	9	0280106201300002	biologia (L-13)
70019	9	0280106201300003	biologia molecolare (L-13)
70019	9	0280106201300004	biology of human and environmental health - biologia della salute umana e ambientale (L-13)
70019	9	0280106200200001	biotecnologie (L-2)
70019	9	0280106202700003	chimica (L-27)
70019	9	0280106202700004	chimica industriale (L-27)
70019	5	0280106202000001	comunicazione (L-20)
70019	8	0280106201400001	consulente del lavoro (L-14)
70019	14	0280106204800006	dietistica (L/SNT3)
70019	8	0280106201400008	diritto dell'economia - già diritto dell'economia e governo delle organizzazioni (L-14)
70019	8	0280106201400010	diritto e tecnologia (L-14)
70019	2	0280106200300001	discipline delle arti, della musica e dello spettacolo (L-3)
70019	7	0280106201800002	economia - già economia e management (L-18)
70019	7	0280104015400002	economia aziendale (17)
70019	7	0280104015300003	economia territoriale e reti d'imprese (28)
70019	14	0280106204700010	educazione professionale (L/SNT2)
70019	3	0280106200500001	filosofia (L-5)
70019	9	0280106203000006	fisica (L-30)
70019	14	0280106204700006	fisioterapia (L/SNT2)
70019	8	0280106201400011	giurista del terzo settore (L-14)
70019	14	0280106204800011	igiene dentale (L/SNT3)
70019	14	0280106204600002	infermieristica (L/SNT1)
70019	10	0280106203100001	informatica (L-31)
70019	12	0280106200900004	ingegneria aerospaziale (L-9)
70019	12	0280106200800007	ingegneria biomedica - dall'a.a. 2017/18 (L-8,L-9)
70019	12	0280106200800003	ingegneria biomedica - fino all'a.a. 2016/17 (L-8)
70019	12	0280106200900005	ingegneria chimica e dei materiali - già ingegneria dei processi industriali e dei materiali (L-9)
70019	11	0280104000800001	ingegneria civile (8)
70019	11	0280106200700001	ingegneria civile (L-7)
70019	12	0280106200800004	ingegneria dell'automazione e dei sistemi - già ingegneria dell'informazione (L-8)
70019	12	0280106200900003	ingegneria dell'energia (L-9)
70019	12	0280106200900006	ingegneria dell'innovazione del prodotto (L-9)
70019	12	0280106200800002	ingegneria elettronica (L-8)
70019	12	0280104000500005	ingegneria energetica (10)
70019	12	0280106200900001	ingegneria gestionale (L-9)
70019	12	0280106200800001	ingegneria informatica (L-8)
70019	12	0280104000500007	ingegneria meccanica (10)
70019	12	0280106200900002	ingegneria meccanica (L-9)
70019	12	0280106200800006	ingegneria meccatronica (L-8)
70019	11	0280106200700002	ingegneria per l'ambiente e il territorio (L-7)
70019	3	0280106201000002	italian medieval and renaissance studies - studi italiani del medioevo e del rinascimento (L-10)
70019	3	0280104009800002	lettere (5)
70019	3	0280106201000001	lettere (L-10)
70019	4	0280106201100001	lingue, letterature e culture moderne (L-11)
70019	4	0280106201100002	lingue, letterature e mediazione culturale (L-11,L-12)
70019	14	0280106204700004	logopedia (L/SNT2)
70019	9	0280106203500001	matematica (L-35)
70019	4	0280106201200001	mediazione linguistica e culturale (L-12)
70019	14	0280106204700008	ortottica ed assistenza oftalmologica (L/SNT2)
70019	14	0280106204600001	ostetricia (L/SNT1)
70019	9	0280106203000007	ottica e optometria (L-30)
70019	11	0280106202100001	pianificazione e gestione del territorio e del verde - già riassetto del territorio e tutela del paesaggio (L-21)
70019	13	0280106205500001	produzioni biologiche vegetali (L-P02)
70019	7	0280104010500001	progettazione e gestione del turismo culturale (39)
70019	7	0280106201500001	progettazione e gestione del turismo culturale (L-15)
70019	6	0280106202400006	psychological science - scienze psicologiche (L-24)
70019	9	0280106202700005	scienza dei materiali (L-27)
70019	1	0280106201900002	scienze dell'educazione - già scienze dell'educazione e della formazione (L-19)
70019	1	0280106201900001	scienze dell'educazione e della formazione - sede di Padova (L-19)
70019	7	0280106205300001	scienze e cultura della gastronomia (L/GASTR)
70019	13	0280106202600002	scienze e cultura della gastronomia e della ristorazione (L-26)
70019	6	0280106202400005	scienze e tecniche psicologiche - già discipline della ricerca psicologico-sociale (L-24)
70019	13	0280104006300005	scienze e tecnologie agrarie (20)
70019	13	0280106202500002	scienze e tecnologie agrarie (L-25)
70019	13	0280106202600001	scienze e tecnologie alimentari (L-26)
70019	13	0280106203800002	scienze e tecnologie animali (L-38)
70019	9	0280106202900002	scienze e tecnologie erboristiche - già scienze farmaceutiche applicate (L-29)
70019	9	0280106203200002	scienze e tecnologie per l'ambiente (L-32)
70019	13	0280106202500003	scienze e tecnologie viticole ed enologiche (L-25)
70019	9	0280106203400001	scienze geologiche (L-34)
70019	15	0280106202200001	scienze motorie (L-22)
70019	9	0280106203200001	scienze naturali e ambientali - già scienze naturali (L-32)
70019	5	0280106203600002	scienze politiche - già scienze politiche, studi internazionali, governo delle amministrazioni (L-36)
70019	5	0280106203600001	scienze politiche, relazioni internazionali, diritti umani (L-36)
70019	6	0280106202400001	scienze psicologiche cognitive e psicobiologiche (L-24)
70019	6	0280106202400004	scienze psicologiche dello sviluppo, della personalità e delle relazioni interpersonali (L-24)
70019	6	0280104005700003	scienze psicologiche sociali e del lavoro (34)
70019	6	0280106202400003	scienze psicologiche sociali e del lavoro (L-24)
70019	5	0280106204000001	scienze sociologiche (L-40)
70019	13	0280106203800007	scienze tecnico assistenziali veterinarie (L-38)
70019	14	0280106203900001	servizio sociale (L-39)
70019	13	0280106203800005	sicurezza alimentare - già sicurezza igienico-sanitaria degli alimenti (L-38,L-26)
70019	13	0280104006000002	sicurezza igienico-sanitaria degli alimenti (40)
70019	9	0280106204100002	statistica per l'economia e l'impresa (L-41)
70019	9	0280106204100004	statistica per le tecnologie e le scienze - già statistica e tecnologie informatiche (L-41)
70019	9	0280106204100001	statistica, economia e finanza (L-41)
70019	3	0280106204200002	storia (L-42)
70019	2	0280106200100005	storia e tutela dei beni artistici e musicali - già storia e tutela dei beni culturali (L-1)
70019	2	0280104008700003	storia e tutela dei beni culturali (13)
70019	6	0280106202400008	techniques and methods in psychological science - tecniche e metodi per le scienze psicologiche (L-24)
70019	14	0280106204700011	tecnica della riabilitazione psichiatrica (L/SNT2)
70019	13	0280106202500004	tecnica e gestione delle produzioni biologiche vegetali (L-25)
70019	14	0280106204800012	tecniche audiometriche (L/SNT3)
70019	14	0280106204800007	tecniche audioprotesiche (L/SNT3)
70019	14	0280106204900002	tecniche della prevenzione nell'ambiente e nei luoghi di lavoro (L/SNT4)
70019	14	0280106204800005	tecniche di laboratorio biomedico (L/SNT3)
70019	14	0280106204800010	tecniche di neurofisiopatologia (L/SNT3)
70019	14	0280106204800009	tecniche di radiologia medica, per immagini e radioterapia (L/SNT3)
70019	11	0280106205400001	tecnologie digitali per l'edilizia e il territorio (L-P01)
70019	13	0280106202500001	tecnologie forestali e ambientali (L-25)
70019	14	0280106204700009	terapia della neuro e psicomotricità dell'età evolutiva (L/SNT2)
70019	14	0280106204700007	terapia occupazionale (L/SNT2)
70020	13	0820106202500005	agroingegneria (L-25)
70020	11	0820106201700001	architettura e ambiente costruito (L-17)
70020	11	0820106202300002	architettura e progetto nel costruito (L-23)
70020	14	0820106204900006	assistenza sanitaria (L/SNT4)
70020	2	0820106200100002	beni culturali: conoscenza, gestione, valorizzazione - già beni culturali (L-1)
70020	9	0820104023000002	biotecnologie (1)
70020	9	0820106200200001	biotecnologie (L-2)
70020	9	0820106202700001	chimica (L-27)
70020	8	0820106201400001	consulente giuridico d'impresa (L-14)
70020	2	0820106200400001	design - già disegno industriale (L-4)
70020	14	0820106204800008	dietistica - dall'a.a. 2017/18 (L/SNT3)
70020	5	0820104009200007	discipline della comunicazione (14)
70020	2	0820106200300002	discipline delle arti, della musica e dello spettacolo (L-3)
70020	7	0820106201800002	economia e amministrazione aziendale (L-18)
70020	5	0820106203700001	economia e cooperazione internazionale per lo sviluppo sostenibile - già sviluppo economico, cooperazione internazionale e migrazioni (L-37)
70020	7	0820106203300001	economia e finanza (L-33)
70020	1	0820106201900005	educazione di comunità (L-19)
70020	14	0820106204700001	fisioterapia (L/SNT2)
70020	14	0820106204800007	igiene dentale (L/SNT3)
70020	14	0820106204600001	infermieristica (L/SNT1)
70020	10	0820106203100002	informatica (L-31)
70020	12	0820104000500001	ingegneria aerospaziale (10)
70020	11	0820106200700002	ingegneria ambientale per lo sviluppo sostenibile - già ingegneria ambientale (L-7)
70020	12	0820106200900009	ingegneria biomedica (L-9)
70020	12	0820106200900007	ingegneria chimica e biochimica - già ingegneria chimica (L-9)
70020	11	0820106200700003	ingegneria civile - già ingegneria civile ed edile (L-7, ex L-23)
70020	12	0820106200800010	ingegneria dell'automazione e dei sistemi - già ingegneria cibernetica (L-8)
70020	12	0820106200900006	ingegneria dell'energia e delle fonti rinnovabili - già ingegneria dell'energia (L-9)
70020	12	0820106200800009	ingegneria dell'innovazione per le imprese digitali - già ingegneria gestionale e informatica (L-8)
70020	12	0820106200900010	ingegneria della sicurezza (L-9)
70020	12	0820106200900011	ingegneria delle tecnologie per il mare (L-9)
70020	11	0820106202300001	ingegneria edile, innovazione e recupero del costruito - già ingegneria edile (L-23)
70020	12	0820106200900008	ingegneria elettrica per la e-mobility - già ingegneria elettrica (L-9)
70020	12	0820106200800004	ingegneria elettronica - già ingegneria elettronica e delle telecomunicazioni (L-8)
70020	12	0820106200900004	ingegneria gestionale (L-9)
70020	12	0820106200800008	ingegneria informatica - già ingegneria informatica e delle telecomunicazioni (L-8)
70020	12	0820106200900003	ingegneria meccanica (L-9)
70020	3	0820106201000002	lettere (L-10)
70020	3	0820104009800001	lettere classiche (5)
70020	3	0820104009800004	lettere moderne (5)
70020	4	0820106201100004	lingue e letterature-studi interculturali - già lingue e letterature moderne e mediazione linguistica-italiano come lingua seconda (L-11,L-12)
70020	14	0820106204700010	logopedia (L/SNT2)
70020	9	0820106203500001	matematica (L-35)
70020	14	0820106204600003	nursing - infermieristica (L/SNT1)
70020	14	0820106204700011	ortottica ed assistenza oftalmologica (L/SNT2)
70020	14	0820106204600002	ostetricia (L/SNT1)
70020	9	0820106203000002	ottica e optometria (L-30)
70020	9	0820106201300001	scienze biologiche (L-13)
70020	1	0820106201900004	scienze dell'educazione (L-19)
70020	5	0820106202000001	scienze della comunicazione - già scienze della comunicazione per i media e le istituzioni (L-20)
70020	5	0820106202000002	scienze della comunicazione per le culture e le arti (L-20)
70020	9	0820106203200005	scienze della natura e dell'ambiente (L-32)
70020	5	0820106201600001	scienze delle amministrazioni, consulenza del lavoro e innovazione sociale - già scienze dell'amministrazione, dell'organizzazione e consulenza del lavoro (L-16)
70020	15	0820106202200005	scienze delle attività motorie e sportive (L-22)
70020	6	0820106202400001	scienze e tecniche psicologiche (L-24)
70020	13	0820106202500001	scienze e tecnologie agrarie (L-25)
70020	13	0820106202600001	scienze e tecnologie agroalimentari (L-26)
70020	2	0820104009300003	scienze e tecnologie dell'arte e dello spettacolo e della moda (23)
70020	9	0820106203000001	scienze fisiche (L-30)
70020	13	0820106202500002	scienze forestali ed ambientali (L-25)
70020	9	0820106203400001	scienze geologiche (L-34)
70020	9	0820106203200004	scienze naturali (L-32)
70020	5	0820106203600001	scienze politiche e delle relazioni internazionali (L-36)
70020	3	0820104010600001	scienze storiche (38)
70020	14	0820106203900003	servizio sociale (L-39)
70020	9	0820106204100001	statistica e data science - statistica per l'analisi dei dati (L-41)
70020	3	0820106200500001	studi filosofici e storici - già filosofia (L-5)
70020	3	0820106204200001	studi globali. storia, politiche, culture (L-42)
70020	14	0820106204700004	tecnica della riabilitazione psichiatrica (L/SNT2)
70020	14	0820106204800009	tecniche audioprotesiche (L/SNT3)
70020	14	0820106204900005	tecniche della prevenzione nell'ambiente e nei luoghi di lavoro (L/SNT4)
70020	14	0820106204800002	tecniche di laboratorio biomedico (L/SNT3)
70020	14	0820106204800010	tecniche di neurofisiopatologia (L/SNT3)
70020	14	0820106204800006	tecniche di radiologia medica, per immagini e radioterapia (L/SNT3)
70020	7	0820106201500002	turismo, territori e imprese - già scienze del turismo (L-15)
70020	11	0820106202100005	urban design per la città in transizione - già urbanistica e scienze della città (L-21)
70020	13	0820106202500003	viticoltura ed enologia (L-25)
70021	11	0340106201700001	architettura rigenerazione sostenibilità - già scienze dell'architettura (L-17)
70021	2	0340106200100001	beni artistici, librari e dello spettacolo - già beni artistici e dello spettacolo (L-1)
70021	9	0340106201300001	biologia (L-13)
70021	9	0340106200200002	biotecnologie (L-2)
70021	9	0340106202700001	chimica (L-27)
70021	4	0340106201100002	civiltà e lingue straniere moderne (L-11)
70021	5	0340106202000001	comunicazione e media contemporanei per le industrie creative (L-20)
70021	11	0340106205400001	costruzioni, infrastrutture e territorio (L-P01)
70021	2	0340106200400001	design sostenibile per il sistema alimentare (L-4)
70021	7	0340106201800002	economia e management (L-18)
70021	7	0340106201800003	economia e management delle filiere alimentari sostenibili - già sistema alimentare: sostenibilità, management e tecnologie (L-18)
70021	9	0340104005200001	fisica (25)
70021	9	0340106203000002	fisica (L-30)
70021	14	0340106204700003	fisioterapia (L/SNT2)
70021	14	0340106204600001	infermieristica (L/SNT1)
70021	10	0340106203100001	informatica (L-31)
70021	11	0340106200700001	ingegneria civile e ambientale (L-7)
70021	12	0340106200800004	ingegneria delle tecnologie informatiche - già ingegneria dei sistemi informativi (L-8)
70021	12	0340106200900002	ingegneria gestionale (L-9)
70021	12	0340106200800003	ingegneria informatica, elettronica e delle telecomunicazioni (L-8)
70021	12	0340106200900001	ingegneria meccanica (L-9)
70021	3	0340106201000002	lettere (L-10)
70021	14	0340106204700006	logopedia (L/SNT2)
70021	9	0340106203500001	matematica (L-35)
70021	14	0340106204700004	ortottica ed assistenza oftalmologica (L/SNT2)
70021	14	0340106204600002	ostetricia (L/SNT1)
70021	13	0340106205500001	qualità e approvvigionamento di materie prime per l'agro-alimentare (L-P02)
70021	9	0340106205700001	scienza dei materiali (L-SC.MAT)
70021	13	0340106203800001	scienze animali - già scienze zootecniche e tecnologie delle produzioni animali (L-38)
70021	6	0340104005700001	scienze del comportamento e delle relazioni interpersonali e sociali (34)
70021	1	0340106201900002	scienze dell'educazione e dei processi formativi - dall'a.a. 2010/11 (L-19)
70021	9	0340106203200001	scienze della natura e dell'ambiente (L-32)
70021	6	0340106202400001	scienze e tecniche psicologiche (L-24)
70021	13	0340106202600001	scienze e tecnologie alimentari (L-26)
70021	13	0340106202600003	scienze gastronomiche (L-26)
70021	7	0340106205300001	scienze gastronomiche (L/GASTR)
70021	9	0340106203400001	scienze geologiche (L-34)
70021	8	0340104015000001	scienze giuridiche (31)
70021	15	0340106202200001	scienze motorie, sport e salute (L-22)
70021	5	0340106203600003	scienze politiche e delle relazioni internazionali (L-36)
70021	5	0340104016400001	scienze politiche e istituzioni europee (15)
70021	14	0340106203900001	servizio sociale (L-39)
70021	3	0340106200500002	studi filosofici (L-5)
70021	14	0340106204800009	tecniche audioprotesiche (L/SNT3)
70021	14	0340106204900002	tecniche della prevenzione nell'ambiente e nei luoghi di lavoro (L/SNT4)
70021	14	0340106204800007	tecniche di laboratorio biomedico (L/SNT3)
70021	14	0340106204800008	tecniche di radiologia medica, per immagini e radioterapia (L/SNT3)
70022	7	0180106201800003	amministrazione e governance - già amministrazione, controllo e finanza aziendale (L-18)
70022	10	0180106203100001	artificial intelligence - intelligenza artificiale (L-31)
70022	12	0180106200800010	bioingegneria (L-8)
70022	9	0180106200200002	biotecnologie (L-2)
70022	9	0180106202700001	chimica (L-27)
70022	5	0180106202000004	comunicazione, innovazione, multimedialità (L-20)
70022	14	0180106204800006	dietistica (L/SNT3)
70022	7	0180106203300003	economia (L-33)
70022	3	0180106200500009	filosofia (L-5)
70022	9	0180106203000007	fisica (L-30)
70022	14	0180106204700003	fisioterapia (L/SNT2)
70022	14	0180106204800009	igiene dentale (L/SNT3)
70022	14	0180106204600005	infermieristica (L/SNT1)
70022	11	0180106200700002	ingegneria civile e ambientale (L-7)
70022	12	0180106200800009	ingegneria elettronica e informatica (L-8)
70022	12	0180106200900004	ingegneria industriale (L-9)
70022	12	0180104001000002	ingegneria informatica (9)
70022	3	0180106201000004	lettere - già lettere moderne (L-10)
70022	4	0180106201100001	lingue e culture moderne (L-11)
70022	14	0180106204700016	logopedia (L/SNT2)
70022	7	0180106201800002	management (L-18)
70022	9	0180106203500001	matematica (L-35)
70022	2	0180106200100006	musicologia (L-1)
70022	14	0180106204600006	ostetricia (L/SNT1)
70022	9	0180106201300001	scienze biologiche (L-13)
70022	8	0180106201400001	scienze dei servizi giuridici (L-14)
70022	6	0180106202400001	scienze e tecniche psicologiche (L-24)
70022	9	0180106203400002	scienze geologiche (L-34)
70022	8	0180106201400002	scienze giuridiche della prevenzione e della sicurezza (L-14)
70022	2	0180106200100009	scienze letterarie e dei beni culturali - già lettere e beni culturali (L-1,L-10)
70022	15	0180106202200001	scienze motorie (L-22)
70022	9	0180106203200001	scienze naturali e ambientali - già scienze e tecnologie per la natura (L-32)
70022	5	0180106203600001	scienze politiche e delle relazioni internazionali (L-36)
70022	14	0180106204700013	tecnica della riabilitazione psichiatrica (L/SNT2)
70022	14	0180106204900001	tecniche della prevenzione nell'ambiente e nei luoghi di lavoro (L/SNT4)
70022	14	0180106204800017	tecniche di fisiopatologia cardiocircolatoria e perfusione cardiovascolare (L/SNT3)
70022	14	0180106204800014	tecniche di laboratorio biomedico (L/SNT3)
70022	14	0180106204800012	tecniche di neurofisiopatologia (L/SNT3)
70022	14	0180106204800007	tecniche di radiologia medica, per immagini e radioterapia (L/SNT3)
70022	14	0180106204800016	tecniche ortopediche (L/SNT3)
70022	11	0180106205400001	tecnologie digitali per le costruzioni, l'ambiente e il territorio (L-P01)
70022	14	0180106204700014	terapia della neuro e psicomotricità dell'età evolutiva (L/SNT2)
70022	14	0180106204700008	terapia occupazionale (L/SNT2)
70023	2	0540106200100001	beni culturali - già beni e attività culturali (L-1)
70023	9	0540106200200003	biotecnologie (L-2)
70023	9	0540106202700001	chimica (L-27)
70023	2	0540106200400001	design (L-4)
70023	7	0540106201800001	economia aziendale - sede di Perugia (L-18)
70023	13	0540106202600001	economia e cultura dell'alimentazione (L-26)
70023	7	0540104015400007	economia e gestione delle aziende turistiche (17)
70023	7	0540106201800006	economia e management del turismo - già economia del turismo (L-18)
70023	12	0540106200800002	engineering management - ingegneria gestionale  (L-8,L-9)
70023	3	0540106200500002	filosofia e scienze e tecniche psicologiche (L-5,L-24)
70023	9	0540106203000001	fisica (L-30)
70023	14	0540106204700003	fisioterapia (L/SNT2)
70023	9	0540106203400002	geologia (L-34)
70023	14	0540106204600003	infermieristica - sede di Foligno (L/SNT1)
70023	14	0540106204600001	infermieristica - sede di Perugia (L/SNT1)
70023	14	0540106204600004	infermieristica - sede di Terni (L/SNT1)
70023	10	0540106203100001	informatica (L-31)
70023	11	0540106200700001	ingegneria civile e ambientale - già ingegneria civile (L-7)
70023	12	0540106200900002	ingegneria industriale (L-9)
70023	12	0540106200800001	ingegneria informatica ed elettronica (L-8)
70023	12	0540106200900001	ingegneria meccanica (L-9)
70023	3	0540106201000001	lettere (L-10)
70023	4	0540106201100001	lingue e culture straniere (L-11)
70023	14	0540106204700002	logopedia (L/SNT2)
70023	9	0540106203500001	matematica (L-35)
70023	14	0540106204600005	ostetricia (L/SNT1)
70023	9	0540106203000002	ottica e optometria (L-30)
70023	13	0540106203800001	produzioni animali (L-38)
70023	13	0540106202500002	scienze agrarie e ambientali (L-25)
70023	9	0540106201300003	scienze biologiche (L-13)
70023	2	0540104008700006	scienze dei beni archeologici e antropologici (13)
70023	8	0540106201400003	scienze dei servizi giuridici - già funzionario giudiziario e amministrativo (L-14)
70023	1	0540106201900002	scienze dell'educazione (L-19)
70023	5	0540106202000002	scienze della comunicazione (L-20)
70023	6	0540106202400002	scienze e tecniche psicologiche dei processi mentali (L-24)
70023	13	0540106202600003	scienze e tecnologie agro-alimentari (L-26)
70023	7	0540106201800005	scienze economiche e aziendali - già economia aziendale (L-18)
70023	15	0540106202200001	scienze motorie e sportive (L-22)
70023	9	0540106203200001	scienze naturali (L-32)
70023	5	0540106204000002	scienze per l'investigazione e la sicurezza (L-40)
70023	5	0540106203600010	scienze politiche e relazioni internazionali (L-36, ex L-16)
70023	14	0540106203900002	servizio sociale (L-39)
70023	14	0540106204900001	tecniche della prevenzione nell'ambiente e nei luoghi di lavoro (L/SNT4)
70023	14	0540106204800007	tecniche di laboratorio biomedico (L/SNT3)
70023	14	0540106204800006	tecniche di radiologia medica, per immagini e radioterapia (L/SNT3)
70023	11	0540106205400001	tecniche digitali per la gestione sostenibile delle costruzioni, dell'ambiente e del territorio (L-P01)
70024	7	0500106201800006	banca, finanza e mercati finanziari (L-18)
70024	9	0500106200200004	biotecnologie (L-2)
70024	9	0500106202700001	chimica (L-27)
70024	9	0500106202700002	chimica per l'industria e l'ambiente (L-27)
70024	5	0500104009200001	comunicazione pubblica, sociale e di impresa (14)
70024	14	0500106204800005	dietistica (L/SNT3)
70024	8	0500106201400001	diritto dell'impresa, del lavoro e delle pubbliche amministrazioni (L-14)
70024	2	0500106200300004	discipline dello spettacolo e della comunicazione (L-3,L-20)
70024	7	0500104015400001	economia aziendale (17)
70024	7	0500106201800004	economia aziendale (L-18)
70024	7	0500104015300003	economia del territorio e dell'ambiente (28)
70024	7	0500106203300002	economia e commercio (L-33)
70024	7	0500106201800014	economia e legislazione dei sistemi logistici (L-18)
70024	3	0500104009600001	filosofia (29)
70024	3	0500106200500001	filosofia (L-5)
70024	9	0500106203000002	fisica (L-30)
70024	14	0500106204700008	fisioterapia (L/SNT2)
70024	14	0500106204800008	igiene dentale (L/SNT3)
70024	14	0500106204600001	infermieristica (L/SNT1)
70024	10	0500104005100001	informatica (26)
70024	10	0500106203100002	informatica (L-31)
70024	10	0500104005100002	informatica applicata (26)
70024	10	0500106203100001	informatica applicata (L-31)
70024	3	0500104009800002	informatica umanistica (5)
70024	3	0500106201000003	informatica umanistica (L-10)
70024	12	0500104000500003	ingegneria aerospaziale (10)
70024	12	0500106200900016	ingegneria aerospaziale (L-9)
70024	12	0500106200800009	ingegneria biomedica (L-8, ex L-9)
70024	12	0500106200900008	ingegneria chimica (L-9)
70024	11	0500106200700003	ingegneria civile ambientale e edile (L-7,L-23)
70024	12	0500106200900010	ingegneria dell'energia (L-9)
70024	12	0500106200800005	ingegneria delle telecomunicazioni - sede di Pisa (L-8)
70024	12	0500106200800004	ingegneria elettronica (L-8)
70024	12	0500106200900003	ingegneria gestionale (L-9)
70024	12	0500106200800003	ingegneria informatica (L-8)
70024	12	0500106200900011	ingegneria meccanica (L-9)
70024	2	0500106200400001	ingegneria per il design industriale (L-4,L-9)
70024	3	0500104009800001	letterature europee per l'editorie e la produzione culturale (5)
70024	3	0500104009800003	lettere (5)
70024	3	0500106201000004	lettere (L-10)
70024	3	0500106201000002	lingua e cultura italiana per stranieri (L-10)
70024	4	0500104010200001	lingue e letterature straniere (11)
70024	4	0500106201100001	lingue, letterature e comunicazione interculturale - già lingue e letterature straniere (L-11)
70024	14	0500106204700009	logopedia (L/SNT2)
70024	7	0500106201800015	management for business and economics - management per il business e l'economia (L-18)
70024	9	0500106203500001	matematica (L-35)
70024	14	0500106204600002	ostetricia (L/SNT1)
70024	14	0500106204700007	podologia (L/SNT2)
70024	13	0500106202500004	scienze agrarie (L-25)
70024	9	0500106201300001	scienze biologiche (L-13)
70024	2	0500104008700002	scienze dei beni culturali (13)
70024	2	0500106200100001	scienze dei beni culturali (L-1)
70024	9	0500106202900001	scienze dei prodotti erboristici e della salute - già scienze erboristiche (L-29)
70024	14	0500106203900001	scienze del servizio sociale (L-39, ex L-40)
70024	7	0500106201500001	scienze del turismo (L-15)
70024	6	0500106202400002	scienze e tecniche di psicologia clinica e sperimentale - già scienze e tecniche di psicologia clinica e della salute (L-24)
70024	13	0500106203800001	scienze e tecnologie delle produzioni animali (L-38)
70024	9	0500106203400001	scienze geologiche (L-34)
70024	5	0500106205200001	scienze marittime e navali (L/DS)
70024	15	0500106202200002	scienze motorie (L-22)
70024	9	0500106203200004	scienze naturali ed ambientali (L-32)
70024	5	0500106203700002	scienze per la pace: cooperazione internazionale e trasformazione dei conflitti (L-37)
70024	5	0500106203600001	scienze politiche - già scienze politiche, internazionali e dell'amministrazione (L-36, ex L-16)
70024	5	0500104016400001	scienze politiche e internazionali (15)
70024	3	0500104010600001	storia (38)
70024	3	0500106204200001	storia (L-42)
70024	14	0500106204700003	tecnica della riabilitazione psichiatrica (L/SNT2)
70024	14	0500106204800007	tecniche audioprotesiche (L/SNT3)
70024	14	0500106204900001	tecniche della prevenzione nell'ambiente e nei luoghi di lavoro (L/SNT4)
70024	13	0500106203800002	tecniche di allevamento animale ed educazione cinofila (L-38)
70024	14	0500106204800004	tecniche di laboratorio biomedico (L/SNT3)
70024	14	0500106204800006	tecniche di radiologia medica, per immagini e radioterapia (L/SNT3)
70024	14	0500106204700010	terapia della neuro e psicomotricità dell'età evolutiva (L/SNT2)
70024	13	0500106202600002	viticoltura ed enologia (L-26)
70026	10	0580106203100003	applied computer science and artificial intelligence - informatica applicata e intelligenza artificiale (L-31)
70026	2	0580104009300001	arti e scienze dello spettacolo (23)
70026	14	0580106204900002	assistenza sanitaria (L/SNT4)
70026	9	0580106200200003	bioinformatics - bioinformatica (L-2)
70026	9	0580106200200002	biotecnologie (L-2)
70026	9	0580106200200001	biotecnologie agro-alimentari e industriali (L-2)
70026	9	0580106202700004	chimica industriale (L-27)
70026	3	0580106201000006	classics - già civiltà e letterature classiche (L-10)
70026	4	0580106201100004	comunicazione e interpretariato in lingua dei segni italiana (L-11)
70026	5	0580106202000002	comunicazione pubblica e d'impresa (L-20)
70026	5	0580106202000001	comunicazione, tecnologie e culture digitali (L-20)
70026	5	0580106203700001	cooperazione internazionale e sviluppo (L-37)
70026	2	0580106200400001	design - già disegno industriale (L-4)
70026	14	0580106204800008	dietistica (L/SNT3)
70026	8	0580106201400001	diritto e amministrazione pubblica (L-14)
70026	6	0580104005700009	discipline della ricerca psicologico-sociale (34)
70026	7	0580106203300002	economia e finanza - già scienze economiche (L-33)
70026	3	0580106200500005	filosofia (L-5)
70026	3	0580106200500006	filosofia e intelligenza artificiale (L-5)
70026	9	0580106203000001	fisica (L-30)
70026	9	0580104005200002	fisica e astrofisica (25)
70026	14	0580106204700016	fisioterapia - Facoltà di Farmacia e Medicina (L/SNT2)
70026	14	0580106204700001	fisioterapia - Facoltà di Medicina e Odontoiatria (L/SNT2)
70026	14	0580106204700007	fisioterapia - Facoltà di Medicina e Psicologia (L/SNT2)
70026	11	0580106202300004	gestione del processo edilizio - project management (L-23)
70026	3	0580106204200005	global humanities - studi umanistici globali (L-42)
70026	14	0580106204800007	igiene dentale - sede di Latina (L/SNT3)
70026	14	0580106204800018	igiene dentale - sedi di Roma e Isernia (L/SNT3)
70026	14	0580106204600013	infermieristica - Facoltà di Farmacia e Medicina (L/SNT1)
70026	14	0580106204600002	infermieristica - Facoltà di Medicina e Odontoiatria (L/SNT1)
70026	14	0580106204600007	infermieristica - Facoltà di Medicina e Psicologia (L/SNT1)
70026	14	0580106204600005	infermieristica pediatrica (L/SNT1)
70026	10	0580106203100001	informatica (L-31)
70026	10	0580106203100002	informatica - interateneo (L-31)
70026	12	0580106200900003	ingegneria aerospaziale (L-9)
70026	12	0580106200900001	ingegneria chimica (L-9)
70026	11	0580106200700003	ingegneria civile (L-7)
70026	12	0580106200900010	ingegneria clinica (L-9)
70026	11	0580106200700006	ingegneria dell'ambiente per lo sviluppo sostenibile - già ingegneria ambientale e industriale (L-7, ex L-9)
70026	11	0580106200700001	ingegneria dell'ambiente, del territorio e delle risorse (L-7)
70026	12	0580106200900007	ingegneria dell'energia elettrica - già ingegneria elettrotecnica (L-9)
70026	12	0580106200800008	ingegneria dell'informazione (L-8)
70026	12	0580106200800010	ingegneria delle telecomunicazioni - già ingegneria delle comunicazioni (L-8)
70026	12	0580106200800007	ingegneria elettronica (L-8)
70026	12	0580106200900004	ingegneria energetica (L-9)
70026	12	0580106200800011	ingegneria gestionale (L-8)
70026	12	0580106200800004	ingegneria informatica e automatica (L-8)
70026	12	0580104000500004	ingegneria meccanica (10)
70026	12	0580106200900012	ingegneria meccanica (L-9)
70026	11	0580106200700004	ingegneria per l'ambiente e il territorio (L-7)
70026	11	0580104000100008	ingegneria per l'edilizia e il territorio - già ingegneria edile (4)
70026	3	0580106201000005	letteratura musica spettacolo (L-10)
70026	3	0580106201000003	lettere classiche (L-10)
70026	3	0580106201000004	lettere moderne (L-10)
70026	4	0580106201100001	lingue e civiltà orientali (L-11)
70026	4	0580106201100003	lingue, culture, letterature, traduzione - già lingue e culture del mondo moderno (L-11)
70026	14	0580106204700006	logopedia (L/SNT2)
70026	7	0580106201800005	management e diritto d'impresa (L-18)
70026	9	0580106203500001	matematica (L-35)
70026	4	0580106201200002	mediazione linguistica e interculturale (L-12)
70026	9	0580106202900002	molecular biology, medicinal chemistry and computer science for pharmaceutical applications - biologia molecolare, chimica farmaceutica e informatica per applicazioni farmaceutiche (L-29)
70026	14	0580106204600014	nursing - infermieristica (L/SNT1)
70026	14	0580106204700004	ortottica ed assistenza oftalmologica (L/SNT2)
70026	14	0580106204600006	ostetricia - Facoltà di Medicina e Odontoiatria (L/SNT1)
70026	14	0580106204600012	ostetricia - Facoltà di Medicina e Psicologia (L/SNT1)
70026	11	0580104000200003	pianificazione e gestione del territorio e dell'ambiente (7)
70026	14	0580106204700015	podologia (L/SNT2)
70026	11	0580106205400001	professioni tecniche per l'edilizia e il territorio (L-P01)
70026	6	0580106202400011	psicologia e processi sociali - già scienze psicologiche (L-24)
70026	6	0580106202400002	psicologia e salute - già scienze e tecniche psicologiche per l'analisi dei processi psichici nello sviluppo e nella salute (L-24)
70026	7	0580106203300005	relazioni economiche e finanziarie internazionali - già relazioni economiche internazionali (L-33)
70026	9	0580106203200001	scienze ambientali (L-32)
70026	5	0580106201600002	scienze amministrative, politiche ed economiche - già scienze dell'amministrazione e dell'organizzazione (L-16)
70026	2	0580104008700001	scienze archeologiche (13)
70026	2	0580106200100010	scienze archeologiche - già archeologia e culture dell'oriente e dell'occidente (L-1)
70026	2	0580106200100008	scienze archivistiche e librarie (L-1)
70026	7	0580106201800003	scienze aziendali - già economia e commercio (L-18)
70026	9	0580104005500001	scienze biologiche (12)
70026	9	0580106201300001	scienze biologiche (L-13)
70026	9	0580106202700001	scienze chimiche - già chimica (L-27)
70026	7	0580106201500001	scienze del turismo sostenibile - già scienze del turismo (L-15)
70026	11	0580106201700006	scienze dell'architettura (L-17)
70026	11	0580106201700004	scienze dell'architettura - già scienze dell'architettura e della città (L-17)
70026	1	0580106201900001	scienze dell'educazione e della formazione (L-19)
70026	2	0580104009300002	scienze della moda e del costume (23)
70026	2	0580106200300001	scienze della moda e del costume (L-3)
70026	14	0580106203900001	scienze e tecniche del servizio sociale (L-39)
70026	6	0580106202400012	scienze e tecniche psicologiche (L-24)
70026	6	0580104005700001	scienze e tecniche psicologiche della valutazione e della consulenza clinica - già scienze e tecniche psicologiche per l'analisi dei processi cognitivi normali e patologici (34)
70026	6	0580104005700002	scienze e tecniche psicologiche dello sviluppo e della salute in età evolutiva (34)
70026	6	0580104005700008	scienze e tecniche psicologico-sociali di analisi e intervento nel lavoro, nelle organizzazioni, nelle istituzioni (34)
70026	5	0580104009200001	scienze e tecnologie della comunicazione (14)
70026	5	0580106200600002	scienze e tecnologie geografiche per l'ambiente e la salute - già scienze geografiche per l'ambiente e la salute (L-6)
70026	9	0580106202900001	scienze farmaceutiche applicate (L-29)
70026	9	0580106203400001	scienze geologiche (L-34)
70026	9	0580106203500002	scienze matematiche per l'intelligenza artificiale (L-35)
70026	9	0580106203200002	scienze naturali (L-32)
70026	5	0580106203600001	scienze politiche e relazioni internazionali (L-36)
70026	5	0580104017200002	scienze sociali per il governo, l'organizzazione e le risorse umane (36)
70026	7	0580106205300001	scienze, culture e politiche gastronomiche per il benessere (L/GASTR)
70026	14	0580106203900002	servizio sociale (L-39)
70026	5	0580104017200001	sociologia (36)
70026	5	0580106204000001	sociologia (L-40)
70026	9	0580106204100001	statistica gestionale (L-41)
70026	9	0580106204100002	statistica, economia e scienze sociali - già statistica, economia e società (L-41)
70026	9	0580106204100003	statistica, finanza e scienze attuariali - già statistica, economia, finanza e assicurazioni (L-41)
70026	3	0580106204200004	storia, antropologia, religioni - già storia culture e religioni. dall'antichità all'età contemporanea (L-42)
70026	3	0580104009800007	studi italiani (5)
70026	2	0580106200100009	studi storico-artistici (L-1)
70026	11	0580106202300003	sustainable building engineering - ingegneria per l'edilizia sostenibile (L-23)
70026	2	0580106200300003	teatro, cinema, media - già arti e scienze dello spettacolo (L-3)
70026	14	0580106204700009	tecnica della riabilitazione psichiatrica - sede di Roma (L/SNT2)
70026	14	0580106204700003	tecnica della riabilitazione psichiatrica - sede di Viterbo (L/SNT2)
70026	14	0580106204800009	tecniche audiometriche (L/SNT3)
70026	14	0580106204800003	tecniche audioprotesiche (L/SNT3)
70026	14	0580106204900001	tecniche della prevenzione nell'ambiente e nei luoghi di lavoro - Facoltà di Farmacia e Medicina (L/SNT4)
70026	14	0580106204900003	tecniche della prevenzione nell'ambiente e nei luoghi di lavoro - Facoltà di Medicina e Odontoiatria (L/SNT4)
70026	14	0580106204900004	tecniche della prevenzione nell'ambiente e nei luoghi di lavoro - Facoltà di Medicina e Psicologia (L/SNT4)
70026	14	0580106204800004	tecniche di fisiopatologia cardiocircolatoria e perfusione cardiovascolare - Facoltà di Medicina e Odontoiatria (L/SNT3)
70026	14	0580106204800001	tecniche di laboratorio biomedico - Facoltà di Farmacia e Medicina (L/SNT3)
70026	14	0580106204800020	tecniche di laboratorio biomedico - Facoltà di Medicina e Odontoiatria (L/SNT3)
70026	14	0580106204800010	tecniche di laboratorio biomedico - Facoltà di Medicina e Psicologia (L/SNT3)
70026	14	0580106204800006	tecniche di neurofisiopatologia - Facoltà di Medicina e Odontoiatria (L/SNT3)
70026	14	0580106204800005	tecniche di radiologia medica, per immagini e radioterapia - Facoltà di Farmacia e Medicina (L/SNT3)
70026	14	0580106204800019	tecniche di radiologia medica, per immagini e radioterapia - Facoltà di Medicina e Odontoiatria (L/SNT3)
70026	14	0580106204800015	tecniche di radiologia medica, per immagini e radioterapia - Facoltà di Medicina e Psicologia (L/SNT3)
70026	14	0580106204800002	tecniche ortopediche - sede di Latina (L/SNT3)
70026	14	0580106204800011	tecniche ortopediche - sede di Roma (L/SNT3)
70026	9	0580106204400002	tecnologie per la conservazione e il restauro dei beni culturali (L-43)
70026	14	0580106204700002	terapia della neuro e psicomotricità dell'età evolutiva - sede di Latina (L/SNT2)
70026	14	0580106204700017	terapia della neuro e psicomotricità dell'età evolutiva - sede di Roma (L/SNT2)
70026	14	0580106204700005	terapia occupazionale - Facoltà di Medicina e Odontoiatria (L/SNT2)
70026	14	0580106204700012	terapia occupazionale - Facoltà di Medicina e Psicologia (L/SNT2)
70027	2	0580206200100001	beni culturali - già scienze dei beni culturali (L-1)
70027	9	0580204023000001	biotecnologie (1)
70027	9	0580206200200001	biotecnologie (L-2)
70027	7	0580206201800005	business administration & economics - gestione d'impresa e economia (L-18,L-33)
70027	9	0580206202700003	chimica (L-27)
70027	9	0580206202700001	chimica applicata (L-27)
70027	14	0580206204800003	dietistica (L/SNT3)
70027	7	0580206203300001	economia e finanza - già economia dei mercati e degli intermediari finanziari (L-33)
70027	7	0580206201800002	economia e management (L-18)
70027	14	0580206204700008	educazione professionale (L/SNT2)
70027	12	0580206200900011	engineering sciences - scienze dell'ingegneria (L-9)
70027	3	0580206200500001	filosofia (L-5)
70027	9	0580206203000001	fisica (L-30)
70027	14	0580206204700001	fisioterapia (L/SNT2)
70027	5	0580206201600001	global governance - già governance globale (L-16)
70027	14	0580206204800008	igiene dentale (L/SNT3)
70027	14	0580206204600001	infermieristica (L/SNT1)
70027	14	0580206204600003	infermieristica pediatrica (L/SNT1)
70027	10	0580204005100001	informatica (26)
70027	10	0580206203100001	informatica (L-31)
70027	11	0580206200700007	ingegneria civile e ambientale (L-7)
70027	11	0580206202300001	ingegneria dell'edilizia - già scienze e tecniche dell'edilizia (L-23)
70027	12	0580206200800001	ingegneria di internet - già ingegneria delle telecomunicazioni (L-8)
70027	12	0580204001000001	ingegneria elettronica (9)
70027	12	0580206200800004	ingegneria elettronica (L-8)
70027	12	0580206200900001	ingegneria gestionale (L-9)
70027	12	0580206200900012	ingegneria gestionale - teledidattico (L-9)
70027	12	0580206200800002	ingegneria informatica (L-8)
70027	12	0580206200900007	ingegneria meccanica (L-9)
70027	12	0580206200900010	ingegneria medica (L-9)
70027	12	0580206200900009	ingegneria per l'energia e l'ambiente - già ingegneria energetica (L-9)
70027	3	0580204009800001	lettere (5)
70027	3	0580206201000001	lettere (L-10)
70027	4	0580206201100002	lingue e letterature moderne (L-11)
70027	4	0580206201100001	lingue nella società dell'informazione (L-11)
70027	14	0580206204700006	logopedia (L/SNT2)
70027	9	0580206203500001	matematica (L-35)
70027	14	0580206204700009	ortottica ed assistenza oftalmologica (L/SNT2)
70027	14	0580206204600002	ostetricia (L/SNT1)
70027	14	0580206204700002	podologia (L/SNT2)
70027	6	0580206202400001	psicologia generale, dello sviluppo, del genere e del comportamento sociale (L-24)
70027	9	0580206203000007	scienza dei materiali (L-30)
70027	9	0580206201300001	scienze biologiche (L-13)
70027	7	0580206201500001	scienze del turismo (L-15)
70027	5	0580206203600001	scienze dell'amministrazione e delle relazioni internazionali (L-36)
70027	1	0580206201900002	scienze dell'educazione e della formazione (L-19)
70027	5	0580206202000001	scienze della comunicazione (L-20)
70027	9	0580206203500002	scienze e tecnologie per i media (L-35)
70027	15	0580206202200001	scienze motorie (L-22)
70027	2	0580204009300001	storia scienze e tecniche della musica e dello spettacolo (23)
70027	14	0580206204700010	tecnica della riabilitazione psichiatrica (L/SNT2)
70027	14	0580206204800006	tecniche audioprotesiche (L/SNT3)
70027	14	0580206204900001	tecniche della prevenzione nell'ambiente e nei luoghi di lavoro (L/SNT4)
70027	14	0580206204800001	tecniche di fisiopatologia cardiocircolatoria e perfusione cardiovascolare (L/SNT3)
70027	14	0580206204800007	tecniche di laboratorio biomedico (L/SNT3)
70027	14	0580206204800005	tecniche di neurofisiopatologia (L/SNT3)
70027	14	0580206204800004	tecniche di radiologia medica, per immagini e radioterapia (L/SNT3)
70027	14	0580206204800002	tecniche ortopediche (L/SNT3)
70027	14	0580206204700007	terapia della neuro e psicomotricità dell'età evolutiva (L/SNT2)
70027	7	0580206201500002	turismo enogastronomico (L-15)
70028	9	0650106202700001	chimica (L-27)
70028	2	0650106200300003	discipline delle arti visive, della musica e dello spettacolo - dall'a.a. 2017/18 (L-3)
70028	7	0650104015400001	economia aziendale (17)
70028	7	0650106201800001	economia aziendale (L-18)
70028	7	0650104015400003	economia e amministrazione delle imprese (17)
70028	7	0650106203300001	economia e commercio (L-33)
70028	7	0650106201800002	economia e management - già economia e gestione delle imprese (L-18)
70028	1	0650106201900003	educatore di ludoteca, laboratori socio-educativi e servizi ricreativi per l'infanzia - già scienze della formazione dell'infanzia e dell'adolescenza (L-19)
70028	9	0650106202900007	farmaceutica e nutraceutica animale (L-29)
70028	3	0650106200500001	filosofia (L-5)
70028	9	0650106203000002	fisica (L-30)
70028	14	0650106204700001	fisioterapia (L/SNT2)
70028	7	0650104015400002	gestione delle amministrazioni pubbliche (17)
70028	13	0650106202500001	gestione e valorizzazione delle risorse agrarie e delle aree protette (L-25)
70028	8	0650106201400001	giurista d'impresa e delle nuove tecnologie (L-14)
70028	14	0650106204600001	infermieristica (L/SNT1)
70028	10	0650106203100001	informatica (L-31)
70028	10	0650106203100002	informatica applicata (L-31)
70028	12	0650106200900006	ingegneria chimica (L-9)
70028	11	0650106200700001	ingegneria civile (L-7)
70028	11	0650106200700002	ingegneria civile per l'ambiente ed il territorio (L-7)
70028	12	0650106200800003	ingegneria dell'informazione per la medicina digitale (L-8)
70028	12	0650104001000001	ingegneria elettronica (9)
70028	12	0650106200800002	ingegneria elettronica (L-8)
70028	12	0650106200900002	ingegneria gestionale (L-9)
70028	12	0650106200800001	ingegneria informatica (L-8)
70028	12	0650106200900001	ingegneria meccanica (L-9)
70028	3	0650106201000001	lettere (L-10)
70028	3	0650104009800001	lettere - già discipline letterarie (5)
70028	4	0650106201100003	lingue e culture straniere (L-11)
70028	9	0650104005000001	matematica (32)
70028	9	0650106203500002	matematica (L-35)
70028	14	0650106204600003	ostetricia (L/SNT1)
70028	9	0650106203200001	scienze ambientali - già valutazione e controllo ambientale (L-32)
70028	9	0650106201300001	scienze biologiche (L-13)
70028	2	0650104008700001	scienze dei beni culturali (13)
70028	2	0650106200100001	scienze dei beni culturali - già beni culturali e discipline delle arti e dello spettacolo (L-1)
70028	14	0650106203900001	scienze del servizio sociale (L-39)
70028	7	0650106201500001	scienze del turismo - già economia, valorizzazione, gestione del patrimonio turistico (L-15)
70028	5	0650106201600001	scienze dell'amministrazione e dell'organizzazione (L-16)
70028	1	0650106201900002	scienze dell'educazione (L-19)
70028	5	0650106202000001	scienze della comunicazione (L-20)
70028	15	0650106202200001	scienze delle attività motorie, sportive e dell'educazione psicomotoria (L-22)
70028	9	0650106203000003	scienze e nanotecnologie per la sostenibilità (L-30)
70028	5	0650106203600001	scienze politiche e delle relazioni internazionali (L-36)
70028	5	0650104017200001	sociologia (36)
70028	5	0650106204000001	sociologia (L-40)
70028	9	0650106204100001	statistica per i big data (L-41)
70028	5	0650106203600002	studi diplomatici, internazionali e sulla sicurezza globale (L-36)
70028	14	0650106204800001	tecniche di radiologia medica, per immagini e radioterapia (L/SNT3)
70028	9	0650106202900006	tecniche erboristiche (L-29)
70029	9	0900106200200001	biotecnologie e analisi bioinformatiche - già biotecnologie (L-2)
70029	9	0900106202700003	chimica (L-27)
70029	5	0900106202000003	comunicazione pubblica e professioni dell'Informazione - già scienze della comunicazione (L-20)
70029	2	0900106200400001	design (L-4)
70029	7	0900104015400001	economia aziendale (17)
70029	7	0900106201800006	economia e management (L-18, ex L-33)
70029	7	0900106201800005	economia e management del turismo (L-18)
70029	14	0900106204700002	fisioterapia (L/SNT2)
70029	14	0900106204600005	infermieristica (L/SNT1)
70029	12	0900106200900001	ingegneria industriale - già gestione energetica e sicurezza (L-9)
70029	12	0900106200800001	ingegneria informatica (L-8)
70029	3	0900104009800003	lettere (5)
70029	3	0900106201000002	lettere - già scienze delle lettere e della comunicazione (L-10, ex L-20)
70029	14	0900106204700007	logopedia (L/SNT2)
70029	4	0900106201200010	mediazione linguistica e culturale (L-12)
70029	14	0900106204600004	ostetricia (L/SNT1)
70029	5	0900106200600001	progettazione, gestione e promozione turistica di itinerari della cultura e dell'ambiente (L-6)
70029	13	0900106202500004	scienze agro-zootecniche (L-25)
70029	9	0900106201300002	scienze biologiche (L-13)
70029	2	0900106200100004	scienze dei beni culturali (L-1)
70029	8	0900106201400001	scienze dei servizi giuridici - già diritto delle amministrazioni e delle imprese pubbliche e private (L-14)
70029	11	0900106201700001	scienze dell'architettura e del progetto (L-17)
70029	1	0900106200500003	scienze dell'educazione - già filosofia e scienze dell'educazione (L-19, ex L-5)
70029	6	0900106202400001	scienze e tecniche psicologiche dei processi cognitivi (L-24)
70029	13	0900106202500002	scienze e tecnologie agrarie (L-25)
70029	13	0900106202500001	scienze forestali e ambientali (L-25)
70029	15	0900106202200001	scienze motorie, sportive e benessere dell'uomo (L-22)
70029	9	0900106203200003	scienze naturali (L-32)
70029	5	0900106201600004	scienze politiche - già scienze della politica e dell'amministrazione (L-36, ex L-16)
70029	5	0900106205200001	scienze strategiche e giuridiche della difesa e della sicurezza - già sicurezza e cooperazione internazionale (L/DS)
70029	14	0900106203900001	servizio sociale - già servizio sociale a indirizzo europeo (L-39)
70029	7	0900106201500005	sviluppo turistico e territori digitali - già lingue, culture e tecniche per il turismo (L-15)
70029	14	0900106204800004	tecniche di laboratorio biomedico (L/SNT3)
70029	14	0900106204800010	tecniche di radiologia medica, per immagini e radioterapia - dall'a.a. 2020/21 (L/SNT3)
70029	13	0900106202600006	tecnologie viticole, enologiche, alimentari (L-26)
70029	11	0900106202100001	urbanistica. progetto ambientale della città e del territorio - già urbanistica. pianificazione della città, del territorio, dell'ambiente e del paesaggio. (L-21)
70030	13	0520106202500001	agribusiness (L-25)
70030	13	0520106205500001	agribusiness (L-P02)
70030	9	0520106200200001	biotecnologie (L-2)
70030	5	0520106202000001	comunicazione, lingue e culture - già scienze della comunicazione (L-20)
70030	14	0520106204800005	dietistica (L/SNT3)
70030	7	0520106201800003	economia e commercio (L-18)
70030	7	0520106201800004	economics and management - economia e management (L-18,L-33)
70030	3	0520104009600001	filosofia (29)
70030	3	0520104009600003	filosofia, storia e comunicazione (29)
70030	9	0520106203000001	fisica e tecnologie avanzate (L-30)
70030	14	0520106204700004	fisioterapia (L/SNT2)
70030	14	0520106204800009	igiene dentale (L/SNT3)
70030	14	0520106204600007	infermieristica (L/SNT1)
70030	12	0520106200800004	ingegneria gestionale (L-8)
70030	12	0520106200800002	ingegneria informatica e dell'informazione (L-8)
70030	3	0520104009800001	letterature d'Italia e d'Europa (5)
70030	4	0520106201100003	lingue per la comunicazione interculturale e d'impresa (L-11)
70030	14	0520106204700006	logopedia (L/SNT2)
70030	9	0520106203500001	matematica (L-35)
70030	14	0520106204700005	ortottica ed assistenza oftalmologica (L/SNT2)
70030	14	0520106204600008	ostetricia (L/SNT1)
70030	9	0520106203200004	scienze ambientali e naturali (L-32)
70030	9	0520104005500002	scienze biologiche (12)
70030	9	0520106201300002	scienze biologiche (L-13)
70030	9	0520106202700004	scienze chimiche (L-27)
70030	8	0520106201400005	scienze dei servizi giuridici - già servizi giuridici (L-14)
70030	14	0520106203900001	scienze del servizio sociale (L-39)
70030	1	0520106201900001	scienze dell'educazione e della formazione (L-19)
70030	7	0520106203300008	scienze economiche e bancarie (L-33)
70030	9	0520106203400003	scienze geologiche - già geologia per l'ambiente e il territorio  (L-34)
70030	5	0520106203600002	scienze politiche (L-36)
70030	2	0520106200100001	scienze storiche e del patrimonio culturale (L-1)
70030	3	0520106201000012	studi letterari e filosofici - già studi umanistici (L-10)
70030	14	0520106204800011	tecniche audioprotesiche (L/SNT3)
70030	14	0520104050600003	tecniche audioprotesiche (SNT/3)
70030	14	0520106204900004	tecniche della prevenzione nell'ambiente e nei luoghi di lavoro (L/SNT4)
70030	14	0520106204800006	tecniche di fisiopatologia cardiocircolatoria e perfusione cardiovascolare (L/SNT3)
70030	14	0520106204800007	tecniche di laboratorio biomedico (L/SNT3)
70030	14	0520106204800010	tecniche di radiologia medica, per immagini e radioterapia (L/SNT3)
70031	7	0010106201800010	amministrazione aziendale (L-18)
70031	7	0010104015400002	banca, borsa e assicurazione (17)
70031	7	0010106201800009	banca, borsa e assicurazione (L-18)
70031	2	0010106200100005	beni culturali - già beni culturali-archeologia, storia dell'arte, archivistica e biblioteconomia (L-1)
70031	9	0010104023000001	biotecnologie (1)
70031	9	0010106200200003	biotecnologie (L-2)
70031	7	0010106201800011	business & management - economia e gestione aziendale (L-18)
70031	9	0010106202700007	chimica e tecnologie chimiche (L-27)
70031	9	0010106202700005	chimica industriale (L-27)
70031	9	0010104005300003	chimica industriale - già scienza e tecnologie chimiche per l'industria e l'ambiente (21)
70031	7	0010104015400003	commercio estero (17)
70031	3	0010104009800001	comunicazione interculturale (5)
70031	5	0010106202000004	comunicazione interculturale (L-20)
70031	5	0010106201600001	consulenza del lavoro e gestione delle risorse umane - già scienze dell'amministrazione e consulenza del lavoro (L-16)
70031	3	0010106201000009	culture e letterature del mondo moderno (L-10)
70031	2	0010106200300001	dams (L-3)
70031	14	0010106204800010	dietistica (L/SNT3)
70031	8	0010106201400004	diritto agroalimentare - già scienze del diritto italiano ed europeo (L-14)
70031	8	0010104015100001	diritto ed economia per l'impresa (2)
70031	8	0010106201400007	diritto per le imprese e le istituzioni - già scienze del diritto e dell'attività normativa (L-14)
70031	2	0010104009300002	discipline dell'arte, della musica e dello spettacolo (23)
70031	7	0010106203300002	economia - già economia e commercio (L-33)
70031	7	0010104015400004	economia aziendale (17)
70031	7	0010106201800005	economia aziendale (L-18)
70031	7	0010104015300006	economia e commercio (28)
70031	7	0010104015400006	economia e gestione delle imprese (17)
70031	7	0010106203300003	economia e statistica per le organizzazioni (L-33)
70031	14	0010106204700003	educazione professionale (L/SNT2)
70031	14	0010104050500013	educazione professionale (SNT/2)
70031	3	0010106200500002	filosofia (L-5)
70031	9	0010106203000002	fisica (L-30)
70031	14	0010106204700005	fisioterapia (L/SNT2)
70031	8	0010106201400008	global law and transnational legal studies - diritto della globalizzazione e studi giuridici transnazionali  (L-14)
70031	14	0010106204800007	igiene dentale (L/SNT3)
70031	14	0010106204600005	infermieristica - sede di Aosta (L/SNT1)
70031	14	0010106204600014	infermieristica - sede di Asti (L/SNT1)
70031	14	0010106204600017	infermieristica - sedi di Cuneo e Orbassano (L/SNT1)
70031	14	0010106204600009	infermieristica - sedi di Torino e Ivrea (L/SNT1)
70031	14	0010106204600018	infermieristica pediatrica (L/SNT1)
70031	10	0010106203100004	informatica (L-31)
70031	5	0010106202000009	innovazione sociale, comunicazione, nuove tecnologie (L-20)
70031	3	0010104009800002	lettere (5)
70031	3	0010106201000008	lettere (L-10)
70031	4	0010106201200001	lingue e culture dell'asia e dell'africa (L-12)
70031	7	0010106201500001	lingue e culture per il turismo - già scienze del turismo (L-15)
70031	4	0010106201100001	lingue e letterature moderne (L-11)
70031	4	0010104010200001	lingue e letterature moderne - già lingue e letterature straniere (11)
70031	14	0010106204700010	logopedia (L/SNT2)
70031	7	0010104015400011	management dell'informazione e della comunicazione aziendale (17)
70031	7	0010106201800004	management dell'informazione e della comunicazione aziendale (L-18)
70031	9	0010106203500005	matematica (L-35)
70031	9	0010106203500002	matematica per l'economia, la finanza e l'assicurazione - già matematica per la finanza e l'assicurazione (L-35)
70031	14	0010106204700001	ortottica ed assistenza oftalmologica (L/SNT2)
70031	14	0010106204600013	ostetricia (L/SNT1)
70031	9	0010106203000003	ottica e optometria (L-30)
70031	9	0010106202700006	scienza e tecnologia dei materiali (L-27)
70031	9	0010104005500002	scienze biologiche (12)
70031	9	0010106201300005	scienze biologiche (L-13)
70031	2	0010104008700003	scienze dei beni culturali (13)
70031	7	0010104010500001	scienze del turismo (39)
70031	5	0010106201600002	scienze dell'amministrazione digitale - già scienze dell'amministrazione (L-16)
70031	5	0010104016600002	scienze dell'amministrazione e consulenza del lavoro (19)
70031	1	0010106201900004	scienze dell'educazione (L-19)
70031	1	0010104010400008	scienze dell'educazione - sede di Savigliano (18)
70031	1	0010104010400001	scienze dell'educazione - sede di Torino (18)
70031	5	0010104009200001	scienze della comunicazione (14)
70031	5	0010106202000008	scienze della comunicazione (L-20)
70031	4	0010106201200002	scienze della mediazione linguistica (L-12)
70031	15	0010106202200001	scienze e tecniche delle attività motorie e sportive - già scienze delle attività motorie e sportive (L-22)
70031	6	0010104005700004	scienze e tecniche neuropsicologiche (34)
70031	6	0010106202400001	scienze e tecniche psicologiche (L-24)
70031	13	0010106202500001	scienze e tecnologie agrarie (L-25)
70031	13	0010106202500002	scienze forestali e ambientali (L-25)
70031	5	0010104009700001	scienze geografiche e territoriali (30)
70031	9	0010104005400001	scienze geologiche (16)
70031	9	0010106203400001	scienze geologiche (L-34)
70031	8	0010104015000002	scienze giuridiche - sede di Cuneo (31)
70031	8	0010104015000001	scienze giuridiche - sede di Torino (31)
70031	5	0010106203600005	scienze internazionali, dello sviluppo e della cooperazione (L-36)
70031	15	0010104023200001	scienze motorie e sportive (33)
70031	9	0010106203200001	scienze naturali (L-32)
70031	5	0010106203600002	scienze politiche e sociali (L-36)
70031	5	0010104050800001	scienze strategiche (DS/1)
70031	5	0010106205200001	scienze strategiche e della sicurezza (L/DS)
70031	14	0010106203900001	servizio sociale (L-39)
70031	14	0010104016800001	servizio sociale - torino (6)
70031	13	0010106203800001	sistemi zootecnici sostenibili - già produzioni e gestione degli animali in allevamento e selvatici (L-38)
70031	3	0010104010600002	società e culture d'europa (38)
70031	5	0010104017200001	sociologia e ricerca sociale - già scienze sociali comparate (36)
70031	3	0010106204200004	storia (L-42)
70031	5	0010106203600003	studi internazionali, dello sviluppo e della cooperazione (L-36,L-37)
70031	14	0010106204700008	tecnica della riabilitazione psichiatrica (L/SNT2)
70031	14	0010106204800008	tecniche audiometriche (L/SNT3)
70031	14	0010106204800009	tecniche audioprotesiche (L/SNT3)
70031	14	0010106204900001	tecniche della prevenzione nell'ambiente e nei luoghi di lavoro (L/SNT4)
70031	14	0010106204800004	tecniche di laboratorio biomedico (L/SNT3)
70031	14	0010106204800002	tecniche di neurofisiopatologia (L/SNT3)
70031	14	0010106204800005	tecniche di radiologia medica, per immagini e radioterapia (L/SNT3)
70031	9	0010104017700001	tecniche erboristiche (24)
70031	9	0010106202900001	tecniche erboristiche (L-29)
70031	13	0010106202600001	tecnologie alimentari (L-26)
70031	14	0010106204700009	terapia della neuro e psicomotricità dell'età evolutiva (L/SNT2)
70031	13	0010106202600003	viticoltura ed enologia (L-26)
70032	11	0010206201700001	architettura (L-17)
70032	11	0010206200700003	civil and environmental engineering - ingegneria civile e ambientale (L-7)
70032	2	0010206200400001	design e comunicazione - già design e comunicazione visiva (L-4)
70032	2	0010204039900001	disegno industriale (42)
70032	12	0010206200800012	electronic and communications engineering - già ingegneria delle telecomunicazioni (L-8)
70032	12	0010206200900010	ingegneria aerospaziale (L-9)
70032	12	0010206200900017	ingegneria biomedica (L-9)
70032	12	0010206200900019	ingegneria chimica e alimentare (L-9)
70032	11	0010206200700001	ingegneria civile (L-7)
70032	12	0010206200900018	ingegneria dei materiali (L-9)
70032	12	0010206200800011	ingegneria del cinema e dei media digitali - già ingegneria del cinema e dei mezzi di comunicazione (L-8)
70032	12	0010206200900011	ingegneria dell'autoveicolo (L-9)
70032	12	0010206200900020	ingegneria della produzione industriale (L-9)
70032	11	0010206202300001	ingegneria edile (L-23)
70032	12	0010206200900016	ingegneria elettrica (L-9)
70032	12	0010204000500010	ingegneria elettrica - sedi di Torino e Alessandria (10)
70032	12	0010206200800008	ingegneria elettronica (L-8)
70032	12	0010206200900012	ingegneria energetica (L-9)
70032	12	0010206200800010	ingegneria fisica (L-8)
70032	12	0010206200800009	ingegneria gestionale (L-8,L-9)
70032	12	0010206200800013	ingegneria informatica (L-8)
70032	12	0010206200900014	ingegneria meccanica (L-9)
70032	11	0010206200700002	ingegneria per l'ambiente e il territorio (L-7)
70032	9	0010206203500001	matematica per l'ingegneria (L-35)
70032	11	0010206202100001	pianificazione territoriale, urbanistica e paesaggistico-ambientale (L-21)
70032	2	0010204039900002	progetto grafico e virtuale (42)
70032	11	0010204000100001	scienze dell'architettura (4)
70032	12	0010206200900021	tecnologie per l'industria manifatturiera (L-9)
70032	12	0010206205600001	tecnologie per l'industria manifatturiera (L-P03)
70033	14	0320106204900002	assistenza sanitaria (L/SNT4)
70033	9	0320106202700001	chimica (L-27)
70033	4	0320106201200002	comunicazione interlinguistica applicata (L-12)
70033	4	0320106201200003	comunicazione interlinguistica applicata alle professioni giuridiche (L-12)
70033	8	0320104015100001	consulenza del lavoro (2)
70033	3	0320106200500002	discipline storiche e filosofiche (L-5,L-42)
70033	7	0320106201800003	economia e gestione aziendale (L-18)
70033	7	0320106203300001	economia internazionale e mercati finanziari - già economia, commercio internazionale e mercati finanziari (L-33)
70033	7	0320104015300001	economia, commercio internazionale e mercati finanziari (28)
70033	9	0320106203000001	fisica (L-30)
70033	14	0320106204700001	fisioterapia (L/SNT2)
70033	9	0320106203400001	geologia (L-34)
70033	14	0320106204800001	igiene dentale (L/SNT3)
70033	14	0320106204600001	infermieristica (L/SNT1)
70033	11	0320106200700001	ingegneria civile e ambientale (L-7)
70033	12	0320106200800001	ingegneria elettronica e informatica - già ingegneria dell'informazione (L-8)
70033	12	0320106200900002	ingegneria industriale (L-9)
70033	12	0320106200900001	ingegneria navale (L-9)
70033	10	0320106203100001	intelligenza artificiale e data analytics (L-31)
70033	3	0320106201000001	lettere - già lettere antiche e moderne, arti, comunicazione (L-10)
70033	4	0320106201100001	lingue e letterature straniere (L-11)
70033	14	0320106204700003	logopedia (L/SNT2)
70033	9	0320106203500001	matematica (L-35)
70033	14	0320106204600002	ostetricia (L/SNT1)
70033	1	0320104010400001	scienze dell'educazione (18)
70033	1	0320106201900001	scienze dell'educazione (L-19)
70033	6	0320106202400001	scienze e tecniche psicologiche (L-24)
70033	9	0320106201300002	scienze e tecnologie biologiche (L-13,L-2)
70033	9	0320106203200001	scienze e tecnologie per l'ambiente e la natura (L-32)
70033	8	0320104015000001	scienze giuridiche (31)
70033	5	0320106203600002	scienze internazionali e diplomatiche (L-36)
70033	5	0320106203600001	scienze politiche e dell'amministrazione (L-36,L-16)
70033	14	0320106203900001	servizio sociale (L-39)
70033	9	0320106204100001	statistica per l'assicurazione e business analytics - già statistica e informatica per l'azienda, la finanza e l'assicurazione (L-41)
70033	14	0320106204700002	tecnica della riabilitazione psichiatrica (L/SNT2)
70033	14	0320106204900001	tecniche della prevenzione nell'ambiente e nei luoghi di lavoro (L/SNT4)
70033	14	0320106204800004	tecniche di laboratorio biomedico (L/SNT3)
70033	14	0320106204800009	tecniche di radiologia medica, per immagini e radioterapia (L/SNT3)
70034	13	0300106203800002	allevamento e salute animale (L-38)
70034	7	0300106201800002	banca e finanza (L-18)
70034	2	0300106200100001	beni culturali - già conservazione dei beni culturali (L-1)
70034	9	0300106200200002	biotecnologie (L-2)
70034	2	0300104008700001	conservazione dei beni culturali (13)
70034	2	0300106200300003	dams-discipline dell'audiovisivo, dei media e dello spettacolo - già dams-discipline delle arti, della musica e dello spettacolo (L-3)
70034	8	0300106201400004	diritto per le imprese e le istituzioni - già scienze dei servizi giuridici pubblici e privati (L-14)
70034	7	0300104015400001	economia aziendale (17)
70034	7	0300106201800001	economia aziendale (L-18)
70034	7	0300106203300001	economia e commercio (L-33)
70034	14	0300106204700002	educazione professionale (L/SNT2)
70034	3	0300106200500001	filosofia e trasformazione digitale (L-5)
70034	14	0300106204700003	fisioterapia (L/SNT2)
70034	14	0300106204600004	infermieristica (L/SNT1)
70034	10	0300106203100001	informatica (L-31)
70034	11	0300106200700002	ingegneria civile e ambientale - già ingegneria civile (L-7)
70034	11	0300104000800002	ingegneria dell'ambiente e delle risorse (8)
70034	12	0300106200800001	ingegneria elettronica (L-8)
70034	12	0300106200800002	ingegneria gestionale (L-8,L-9)
70034	12	0300106200900002	ingegneria industriale per la sostenibilità ambientale (L-9)
70034	12	0300106200900001	ingegneria meccanica (L-9)
70034	10	0300106203100002	internet of things, big data, machine learning - già tecnologie web e multimediali (L-31)
70034	3	0300106201000001	lettere (L-10)
70034	4	0300104010200001	lingue e letterature straniere (11)
70034	4	0300106201100004	lingue e letterature straniere (L-11, ex L-12)
70034	9	0300106203500001	matematica (L-35)
70034	4	0300106201200002	mediazione culturale (L-12)
70034	14	0300106204600005	ostetricia (L/SNT1)
70034	5	0300104009200002	relazioni pubbliche (14)
70034	5	0300106202000003	relazioni pubbliche (L-20)
70034	7	0300106205300001	scienza e cultura del cibo (L/GASTR)
70034	13	0300106202500003	scienze agrarie (L-25)
70034	11	0300106201700001	scienze dell'architettura (L-17)
70034	7	0300106201500001	scienze e tecniche del turismo culturale (L-15)
70034	13	0300106202600002	scienze e tecnologie alimentari (L-26)
70034	15	0300106202200001	scienze motorie (L-22)
70034	9	0300106203200001	scienze per l'ambiente e la natura (L-32)
70034	11	0300106202300001	tecniche dell'edilizia e del territorio (L-23)
70034	11	0300106205400001	tecniche dell'edilizia e del territorio (L-P01)
70034	14	0300106204800003	tecniche di laboratorio biomedico (L/SNT3)
70034	14	0300106204800002	tecniche di radiologia medica, per immagini e radioterapia (L/SNT3)
70034	10	0300106202000004	tecnologie digitali e comunicazione per le industrie creative - già scienze e tecnologie multimediali (L-20,L-31)
70034	13	0300106202500004	viticoltura ed enologia (L-25)
70035	2	0560104008700013	beni culturali - già scienze della documentazione, archivistiche, biblioteconomiche e vocali (13)
70035	9	0560106200200005	biotecnologie (L-2)
70035	5	0560106202000001	comunicazione, tecnologie e culture digitali - scienze della comunicazione (L-20)
70035	2	0560106200400001	design - già design per l'industria sostenibile e il territorio (L-4)
70035	7	0560106201800001	economia aziendale (L-18)
70035	13	0560106202500005	gestione sostenibile delle foreste e del verde urbano - già scienze delle foreste e della natura (L-25)
70035	12	0560106200900001	ingegneria industriale (L-9)
70035	3	0560106201000001	lettere moderne - già scienze umanistiche (L-10)
70035	4	0560106201100001	lingue e culture moderne (L-11)
70035	4	0560104021100001	mediazione linguistica per le istituzioni, le imprese e il commercio (3)
70035	13	0560106202500007	produzione sementiera e vivaismo (L-25)
70035	13	0560106205500002	produzione sementiera e vivaismo (L-P02)
70035	11	0560106202100001	progettazione del paesaggio e del territorio - già pianificazione e progettazione del paesaggio e dell'ambiente (L-21)
70035	5	0560106201600001	scienza della pubblica amministrazione (L-16)
70035	5	0560104016600002	scienza della pubblica amministrazione - dall'a.a. 2004/05 (19)
70035	13	0560106202500003	scienze agrarie e ambientali (L-25)
70035	9	0560106201300003	scienze biologiche (L-13)
70035	9	0560106201300004	scienze biologiche ambientali (L-13)
70035	2	0560106200100002	scienze dei beni culturali - già conservazione dei beni culturali (L-1, ex L-43)
70035	13	0560106202500006	scienze della montagna e dell'agricoltura - già scienze della montagna (L-25)
70035	9	0560106203200001	scienze naturali e ambientali - già scienze ambientali (L-32)
70035	5	0560104016400001	scienze organizzative e gestionali (15)
70035	5	0560106203600002	scienze politiche e delle relazioni internazionali - già scienze organizzative e gestionali (L-36)
70035	15	0560106202200001	sport, benessere e attività motoria in ambiente naturale (L-22)
70035	13	0560106202600001	tecnologie alimentari ed enologiche (L-26)
70035	13	0560106205500001	tecnologie per la gestione sostenibile dei sistemi zootecnici (L-P02)
70036	9	0270106202700005	chimica e tecnologie sostenibili (L-27)
70036	7	0270106203300001	commercio estero e turismo - già commercio estero (L-33)
70036	2	0270106200100001	conservazione e gestione dei beni e delle attività culturali (L-1)
70036	7	0270106201800003	digital management - management digitale (L-18)
70036	7	0270106201800001	economia aziendale - economics and management (L-18)
70036	7	0270106203300002	economia e commercio (L-33)
70036	7	0270106201800002	economics and management (L-18)
70036	3	0270106200500002	filosofia (L-5)
70036	7	0270106201500001	hospitality innovation and e-tourism - già innovazione nell'ospitalità, turismo e trasformazione digitale (L-15)
70036	10	0270106203100003	informatica (L-31)
70036	12	0270106200800001	ingegneria fisica (L-8)
70036	3	0270106201000003	lettere (L-10)
70036	4	0270106201100004	lingue e culture del mediterraneo e del medio oriente (L-11)
70036	4	0270104010200003	lingue e culture dell'eurasia e del mediterraneo (11)
70036	4	0270106201100002	lingue, civiltà e scienze del linguaggio - già lingue e civiltà moderne e contemporanee (L-11)
70036	4	0270106201100001	lingue, culture e società dell'Asia e dell'Africa mediterranea (L-11)
70036	7	0270104015400008	marketing e gestione delle imprese (17)
70036	4	0270106201200002	mediazione linguistica e culturale (L-12)
70036	3	0270106200500003	philosophy, international and economic studies - filosofia, studi internazionali ed economici (L-5)
70036	9	0270106203200003	scienze ambientali (L-32)
70036	14	0270106203900001	scienze della società e del servizio sociale (L-39)
70036	9	0270104005300004	scienze e tecnologie chimiche per la conservazione ed il restauro (21)
70036	9	0270106204400001	scienze e tecnologie per i beni culturali - già tecnologie per la conservazione e il restauro (L-43)
70036	3	0270106204200001	storia (L-42)
70037	11	0270206201700002	architettura - già architettura: tecniche e culture del progetto (L-17)
70037	11	0270206201700001	architettura costruzione conservazione - già scienze dell'architettura (L-17)
70037	2	0270206200400009	design (L-4)
70037	2	0270206200400007	design del prodotto, della comunicazione visiva e degli interni - già disegno industriale e multimedia (L-4)
70037	2	0270206200400006	design della moda e arti multimediali (L-4)
70037	11	0270206202100002	urbanistica e pianificazione del territorio (L-21)
70038	9	0760106200200003	biotecnologie (L-2)
70038	9	0760106202700001	chimica (L-27)
70038	7	0760106201800003	economia aziendale (L-18)
70038	11	0760106200700005	ingegneria civile e ambientale (L-7)
70038	12	0760106200900001	ingegneria meccanica (L-9)
70038	9	0760106203500004	matematica (L-35)
70038	2	0760106200100001	operatore dei beni culturali (L-1)
70038	11	0760106202100001	paesaggio, ambiente e verde urbano (L-21)
70038	1	0760106201900001	scienze dell'educazione e della formazione (L-19)
70038	10	0760106203100003	scienze e tecnologie informatiche (L-31)
70038	13	0760106202500006	scienze forestali e ambientali (L-25)
70038	9	0760106203400003	scienze geologiche ambientali - già scienze geologiche (L-34)
70038	3	0760106201000001	studi umanistici - già studi letterari, linguistici e storico-filosofici (L-10)
70038	11	0760106202300001	tecniche per l'edilizia e la gestione del territorio (L-23)
70038	13	0760106202500005	tecnologie agrarie (L-25)
70038	13	0760106202600001	tecnologie alimentari (L-26)
70039	14	0700106204800002	dietistica (L/SNT3)
70039	7	0700106201800001	economia aziendale (L-18)
70039	14	0700106204700001	fisioterapia (L/SNT2)
70039	14	0700106204600001	infermieristica (L/SNT1)
70039	10	0700106203100001	informatica (L-31)
70039	12	0700106200900002	ingegneria medica (L-9)
70039	11	0700106200700001	ingegneria per la sostenibilità e la sicurezza delle costruzioni (L-7)
70039	2	0700106200100003	lettere e beni culturali (L-1,L-10)
70039	9	0700106201300001	scienze biologiche (L-13)
70039	8	0700104015100002	scienze dei servizi giuridici per operatore giudiziario (2)
70039	7	0700106201500001	scienze del turismo ambientale - già scienze turistiche (L-15)
70039	5	0700106202000001	scienze della comunicazione (L-20)
70039	7	0700106205300001	scienze e culture del cibo (L/GASTR)
70039	13	0700106202500001	scienze e tecnologie agrarie e forestali - già scienze e tecnologie agrarie (L-25)
70039	13	0700106202600001	scienze e tecnologie degli alimenti - già scienze e tecnologie alimentari (L-26)
70039	15	0700106202200001	scienze motorie e sportive (L-22)
70039	5	0700106203600001	scienze politiche, amministrazione e relazioni internazionali - già scienze della politica e della amministrazione (L-36,L-16)
70039	7	0700104010500001	scienze turistiche (39)
70039	14	0700106203900001	servizio sociale, comunità e vulnerabilità - già scienze del servizio sociale (L-39)
70039	14	0700106204900001	tecniche della prevenzione nell'ambiente e nei luoghi di lavoro (L/SNT4)
70040	14	0230106204900002	assistenza sanitaria (L/SNT4)
70040	2	0230106200100001	beni culturali (L-1)
70040	10	0230106203100002	bioinformatica (L-31)
70040	9	0230106200200002	biotecnologie (L-2)
70040	7	0230104015400001	economia aziendale (17)
70040	7	0230106201800001	economia aziendale e management - già economia aziendale (L-18)
70040	7	0230104015400009	economia del commercio internazionale (17)
70040	7	0230104015300001	economia e commercio (28)
70040	7	0230106203300001	economia e commercio (L-33)
70040	7	0230106201800002	economia e innovazione aziendale (L-18)
70040	7	0230106203300002	economia, imprese e mercati internazionali (L-33)
70040	3	0230106200500001	filosofia (L-5)
70040	14	0230106204700001	fisioterapia (L/SNT2)
70040	14	0230106204800003	igiene dentale (L/SNT3)
70040	14	0230106204600001	infermieristica (L/SNT1)
70040	10	0230106203100001	informatica (L-31)
70040	12	0230106200800001	ingegneria dei sistemi medicali per la persona (L-8)
70040	13	0230106205500001	innovazione e sostenibilità nella produzione industriale di alimenti (L-P02)
70040	3	0230106201000001	lettere (L-10)
70040	4	0230106201200001	lingue e culture per il turismo e il commercio internazionale (L-12)
70040	4	0230106201100001	lingue e letterature per l'editoria e i media digitali - già lingue e culture per l'editoria (L-11)
70040	4	0230106201100002	lingue e letterature straniere (L-11)
70040	14	0230106204700003	logopedia (L/SNT2)
70040	9	0230106203500001	matematica applicata (L-35)
70040	14	0230106204600002	ostetricia (L/SNT1)
70040	14	0230106203900001	scienze del servizio sociale (L-39)
70040	1	0230106201900002	scienze dell'educazione (L-19)
70040	5	0230106202000001	scienze della comunicazione (L-20)
70040	15	0230106202200001	scienze delle attività motorie e sportive (L-22)
70040	13	0230106202500001	scienze e tecnologie viticole ed enologiche (L-25)
70040	9	0230106202900001	scienze nutraceutiche e della salute alimentare (L-29)
70040	1	0230106201900003	scienze psicologiche per la formazione - già scienze della formazione nelle organizzazioni (L-24, ex L-19)
70040	8	0230106201400001	servizi giuridici per imprese, amministrazioni e no-profit - già scienze dei servizi giuridici (L-14)
70040	5	0230106203600001	studi strategici per la sicurezza e le politiche internazionali (L-36)
70040	14	0230106204700002	tecnica della riabilitazione psichiatrica (L/SNT2)
70040	14	0230106204900001	tecniche della prevenzione nell'ambiente e nei luoghi di lavoro (L/SNT4)
70040	14	0230106204800004	tecniche di fisiopatologia cardiocircolatoria e perfusione cardiovascolare (L/SNT3)
70040	14	0230106204800002	tecniche di laboratorio biomedico - sede di Verona (L/SNT3)
70040	14	0230106204800001	tecniche di radiologia medica, per immagini e radioterapia - sede di Verona (L/SNT3)
70040	14	0230106204800005	tecniche ortopediche (L/SNT3)
70041	9	0630206202800005	conduzione del mezzo navale (L-28)
70041	7	0630206201800002	economia aziendale (L-18)
70041	7	0630204015400002	economia aziendale - sedi di Napoli e Torre Annunziata (17)
70041	7	0630206201800001	economia e amministrazione delle aziende - già economia e legislazione d'azienda (L-18)
70041	7	0630206203300002	economia e commercio (L-33)
70041	7	0630206203300003	economia e management (L-33)
70041	10	0630206203100003	informatica (L-31)
70041	11	0630206200700004	ingegneria civile e ambientale per la mitigazione dei rischi - già ingegneria civile e ambientale (L-7)
70041	12	0630206200800005	ingegneria e scienze informatiche per la cybersecurity (L-8,L-31)
70041	12	0630206200900001	ingegneria gestionale (L-9)
70041	12	0630206200800003	ingegneria informatica, biomedica e delle telecomunicazioni (L-8)
70041	7	0630206201800004	management delle imprese internazionali (L-18)
70041	7	0630206201800003	management delle imprese turistiche (L-18)
70041	5	0630206201600004	organizzazione e gestione delle risorse umane - già scienze dell'amministrazione, dell'organizzazione e consulenza del lavoro (L-16)
70041	9	0630206201300005	scienze biologiche (L-13)
70041	5	0630204016600001	scienze dell'amministrazione (19)
70041	8	0630204015000002	scienze giuridiche (31)
70041	15	0630204023200001	scienze motorie (33)
70041	15	0630206202200003	scienze motorie - sede di Napoli (L-22)
70041	15	0630206202200004	scienze motorie - sede di Nola (L-22)
70041	9	0630204005800002	scienze nautiche ed aeronautiche (22)
70041	9	0630206202800003	Scienze nautiche, aeronautiche e meteo-oceanografiche (L-28)
70041	9	0630206204100002	statistica e informatica per l'azienda, la finanza e le assicurazioni - già statistica e informatica per la gestione delle imprese (L-41)
70042	2	0630306200100003	culture antiche e archeologia: asia, africa e mediterraneo - già civiltà antiche e archeologia: oriente e occidente (L-1, ex L-10)
70042	4	0630304010200003	lingue e culture comparate (11)
70042	4	0630306201100010	lingue e culture comparate (L-11, ex L-10)
70042	4	0630304010200001	lingue e culture dell'asia e dell'africa (11)
70042	4	0630306201100005	lingue e culture orientali e africane (L-11)
70042	4	0630306201100002	lingue, letterature e culture dell'europa e delle americhe (L-11)
70042	4	0630306201200003	mediazione linguistica e culturale (L-12)
70042	5	0630306203600001	scienze politiche e relazioni internazionali (L-36)
70046	14	0170106204900008	assistenza sanitaria (L/SNT4)
70046	7	0170106201800001	banca e finanza (L-18)
70046	9	0170106200200003	biotecnologie (L-2)
70046	8	0170106201400003	consulente del lavoro e giurista d'impresa (L-14)
70046	14	0170106204800004	dietistica (L/SNT3)
70046	7	0170106203300002	economia e analisi dei dati - già economia e azienda digitale (L-33)
70046	7	0170106201800004	economia e gestione aziendale (L-18)
70046	14	0170106204700001	educazione professionale (L/SNT2)
70046	14	0170106204700005	fisioterapia (L/SNT2)
70046	14	0170106204800001	igiene dentale (L/SNT3)
70046	14	0170106204600001	infermieristica (L/SNT1)
70046	11	0170106200700007	ingegneria civile (L-7)
70046	12	0170106200900011	ingegneria dell'automazione industriale (L-9,L-8)
70046	12	0170106200800006	ingegneria delle tecnologie per l'impresa digitale (L-8)
70046	12	0170106200800005	ingegneria elettronica e delle telecomunicazioni (L-8)
70046	12	0170106200900013	ingegneria gestionale (L-9)
70046	12	0170106200800004	ingegneria informatica (L-8)
70046	12	0170106200900008	ingegneria meccanica e dei materiali (L-9)
70046	11	0170106200700006	ingegneria per l'ambiente e il territorio (L-7)
70046	14	0170106204600003	ostetricia (L/SNT1)
70046	15	0170106202200002	scienze motorie (L-22)
70046	13	0170106202500001	sistemi agricoli sostenibili (L-25)
70046	14	0170106204700009	tecnica della riabilitazione psichiatrica (L/SNT2)
70046	11	0170106202300001	tecniche dell'edilizia (L-23)
70046	11	0170106205400001	tecniche dell'edilizia (L-P01)
70046	14	0170106204900006	tecniche della prevenzione nell'ambiente e nei luoghi di lavoro (L/SNT4)
70046	14	0170106204800005	tecniche di laboratorio biomedico (L/SNT3)
70046	14	0170106204800003	tecniche di radiologia medica, per immagini e radioterapia (L/SNT3)
70046	12	0170106205600001	tecniche industriali di prodotto e di processo (L-P03)
70047	2	0800106200400001	design (L-4)
70047	11	0800106200700001	ingegneria civile e ambientale per lo sviluppo sostenibile - già ingegneria civile e ambientale (L-7)
70047	12	0800106200900001	ingegneria gestionale - già ingegneria industriale (L-9)
70047	12	0800106200800002	ingegneria informatica e delle telecomunicazioni - già ingegneria informatica, elettronica e delle telecomunicazioni (L-8)
70047	11	0800106201700004	scienze dell'architettura (L-17)
70047	1	0800106201900001	scienze dell'educazione e della formazione (L-19)
70047	13	0800106202500002	scienze e tecnologie agrarie (L-25)
70047	13	0800106202600001	scienze e tecnologie alimentari e gastronomiche - già scienze e tecnologie alimentari (L-26)
70047	7	0800104015300001	scienze economiche (28)
70047	7	0800106203300001	scienze economiche (L-33)
70047	13	0800106202500003	scienze forestali e ambientali (L-25)
70047	11	0800104000100001	storia e conservazione dei beni architettonici e ambientali (4)
70047	11	0800106205400001	tecniche per l'edilizia e il territorio (L-P01)
70048	11	0720206205400001	costruzioni e gestione ambientale e territoriale (L-P01)
70048	2	0720206200400001	design - già disegno industriale (L-4)
70048	11	0720206200700004	ingegneria civile e ambientale (L-7)
70048	12	0720206200800003	ingegneria dei sistemi aerospaziali (L-9,L-8)
70048	12	0720206200800004	ingegneria dei sistemi medicali (L-8)
70048	12	0720206200900004	ingegneria dell'energia elettrica - già ingegneria elettrica (L-9)
70048	11	0720204000100001	ingegneria edile (4)
70048	11	0720206202300002	ingegneria edile (L-23)
70048	12	0720206200800002	ingegneria elettronica e delle tecnologie internet - già ingegneria elettronica e delle telecomunicazioni (L-8)
70048	12	0720206200900003	ingegneria gestionale (L-9)
70048	12	0720204000500002	ingegneria gestionale - sede di Bari (10)
70048	12	0720206200800001	ingegneria informatica e dell'automazione (L-8)
70048	12	0720206200900002	ingegneria meccanica (L-9)
70049	9	0630604023000001	biotecnologie (1)
70049	9	0630606200200002	biotecnologie (L-2)
70049	2	0630604008700002	conservazione dei beni culturali (13)
70049	2	0630606200100008	conservazione dei beni culturali (L-1)
70049	9	0630606204100001	data analytics (L-41)
70049	2	0630606200400001	design e comunicazione (L-4)
70049	2	0630606200400002	design per la moda (L-4)
70049	7	0630604015400001	economia aziendale (17)
70049	7	0630606201800001	economia aziendale (L-18)
70049	7	0630606203300001	economia e commercio (L-33)
70049	9	0630606203000001	fisica (L-30)
70049	14	0630606204700004	fisioterapia (L/SNT2)
70049	14	0630606204800006	igiene dentale (L/SNT3)
70049	14	0630606204600004	infermieristica (L/SNT1)
70049	14	0630604050400002	infermieristica (SNT/1)
70049	14	0630606204600007	infermieristica pediatrica (L/SNT1)
70049	9	0630606202900007	informatore medico scientifico (L-29)
70049	12	0630606200900001	ingegneria aerospaziale, meccanica, energetica (L-9)
70049	12	0630606200800003	ingegneria biomedica (L-8)
70049	11	0630606200700001	ingegneria civile - edile - ambientale (L-7)
70049	12	0630606200800002	ingegneria elettronica e informatica (L-8)
70049	12	0630606200900002	ingegneria gestionale (L-9)
70049	3	0630606201000001	lettere (L-10)
70049	14	0630606204700005	logopedia (L/SNT2)
70049	9	0630606203500003	matematica (L-35)
70049	14	0630606204600011	nursing - infermieristica (L/SNT1)
70049	8	0630604015100001	operatori per l'attività giuridica delle imprese e della p.a. in ambito europeo ed internazionale (2)
70049	14	0630606204700002	ortottica ed assistenza oftalmologica (L/SNT2)
70049	14	0630606204600010	ostetricia (L/SNT1)
70049	13	0630606202500001	scienze agrarie e forestali (L-25)
70049	9	0630606203200001	scienze ambientali (L-32)
70049	9	0630606201300007	scienze biologiche (L-13)
70049	8	0630606201400006	scienze dei servizi giuridici (L-14)
70049	7	0630606201500001	scienze del turismo (L-15)
70049	11	0630604000100001	scienze dell'architettura (4)
70049	11	0630606202300001	scienze e tecniche dell'edilizia (L-23)
70049	6	0630606202400001	scienze e tecniche psicologiche (L-24)
70049	6	0630604005700005	scienze e tecniche psicologiche per la persona e la comunità (34)
70049	5	0630606201600001	scienze politiche e dell'amministrazione - già scienze politiche (L-16,L-36)
70049	14	0630606204700001	tecnica della riabilitazione psichiatrica (L/SNT2)
70049	14	0630606204900001	tecniche della prevenzione nell'ambiente e nei luoghi di lavoro (L/SNT4)
70049	14	0630606204800004	tecniche di laboratorio biomedico (L/SNT3)
70049	14	0630606204800005	tecniche di radiologia medica, per immagini e radioterapia (L/SNT3)
70049	14	0630606204700003	terapia della neuro e psicomotricità dell'età evolutiva (L/SNT2)
70050	7	0120106201800001	economia e management - economia aziendale (L-18)
70050	12	0120106200900001	ingegneria gestionale (L-9)
70051	8	0160106201400006	diritto per l'Impresa nazionale e internazionale - già operatore giuridico d'impresa (L-14)
70051	7	0160106203300003	economia (L-33)
70051	7	0160106201800010	economia aziendale (L-18)
70051	7	0160104015300004	economia e commercio (28)
70051	3	0160106200500015	filosofia (L-5)
70051	11	0160106202300002	ingegneria delle tecnologie per l'edilizia - già ingegneria edile (L-23)
70051	12	0160106200900008	ingegneria delle tecnologie per la salute (L-9)
70051	12	0160106200900007	ingegneria gestionale (L-9)
70051	12	0160106200800002	ingegneria informatica (L-8)
70051	12	0160106200900006	ingegneria meccanica (L-9)
70051	3	0160106201000001	lettere (L-10)
70051	4	0160104010200001	lingue e letterature straniere (11)
70051	4	0160106201100002	lingue e letterature straniere moderne (L-11)
70051	1	0160104010400001	scienze dell'educazione (18)
70051	1	0160106201900002	scienze dell'educazione (L-19)
70051	5	0160106202000005	scienze della comunicazione (L-20)
70051	15	0160106202200001	scienze motorie e sportive (L-22)
70051	6	0160106202400001	scienze psicologiche (L-24)
70053	14	0690106204900002	assistenza sanitaria (L/SNT4)
70053	2	0690106200100003	beni culturali (L-1)
70053	7	0690106201800006	business administration-economia aziendale - sede di Pescara (L-18)
70053	2	0690106200400001	design (L-4)
70053	14	0690106204800005	dietistica (L/SNT3)
70053	7	0690106203300002	economia e informatica per l'impresa (L-33)
70053	7	0690106201800001	economia e management (L-18)
70053	7	0690106203300003	economia, imprese e mercati finanziari - già economia, mercati e sviluppo (L-33)
70053	7	0690106203300001	economics and finance-economia e commercio - sede di Pescara (L-33)
70053	1	0690106201900001	filosofia e scienze dell'educazione - già scienze dell'educazione e della formazione (L-19,L-5)
70053	14	0690106204700001	fisioterapia (L/SNT2)
70053	14	0690106204800004	igiene dentale (L/SNT3)
70053	14	0690106204600001	infermieristica (L/SNT1)
70053	12	0690106200900001	ingegneria biomedica (L-9)
70053	11	0690106202300001	ingegneria delle costruzioni - già tecniche del costruire (L-23)
70053	3	0690106201000001	lettere (L-10)
70053	4	0690106201100001	lingue e letterature straniere (L-11)
70053	14	0690106204700004	logopedia (L/SNT2)
70053	4	0690106201200001	mediazione linguistica e comunicazione interculturale (L-12)
70053	14	0690106204700002	ortottica ed assistenza oftalmologica (L/SNT2)
70053	14	0690106204600002	ostetricia (L/SNT1)
70053	11	0690106205400001	professioni tecniche per l'edilizia e il territorio (L-P01)
70053	11	0690106202100001	scienze dell'habitat sostenibile (L-21)
70053	15	0690106202200001	scienze delle attività motorie e sportive (L-22)
70053	6	0690106202400001	scienze e tecniche psicologiche (L-24)
70053	9	0690106203400005	scienze geologiche (L-34)
70053	6	0690104005700001	scienze psicologiche (34)
70053	8	0690106201400001	servizi giuridici per l'impresa (L-14)
70053	14	0690106203900002	servizio sociale (L-39)
70053	5	0690106204000002	sociologia e criminologia (L-40)
70053	14	0690106204900001	tecniche della prevenzione nell'ambiente e nei luoghi di lavoro (L/SNT4)
70053	14	0690106204800003	tecniche di fisiopatologia cardiocircolatoria e perfusione cardiovascolare (L/SNT3)
70053	14	0690106204800001	tecniche di laboratorio biomedico (L/SNT3)
70053	14	0690106204800002	tecniche di radiologia medica, per immagini e radioterapia (L/SNT3)
70053	9	0690106202900001	tecnologie eco-sostenibili e tossicologia ambientale (L-29)
70053	14	0690106204700003	terapia occupazionale (L/SNT2)
70055	9	0660106200200008	biotecnologie (L-2)
70055	9	0660106202700001	chimica - già scienze e tecnologie chimiche e dei materiali (L-27)
70055	7	0660104015400006	economia e amministrazione delle imprese (17)
70055	7	0660106201800001	economia e amministrazione delle imprese (L-18)
70055	3	0660106200500005	filosofia e teoria dei processi comunicativi (L-5)
70055	9	0660106203000001	fisica (L-30)
70055	14	0660106204700004	fisioterapia (L/SNT2)
70055	14	0660106204800003	igiene dentale (L/SNT3)
70055	14	0660106204600002	infermieristica (L/SNT1)
70055	10	0660104005100001	informatica (26)
70055	10	0660106203100001	informatica (L-31)
70055	11	0660106200700004	ingegneria civile - già ingegneria civile e ambientale (L-7)
70055	12	0660106200800005	ingegneria dell'informazione (L-8)
70055	12	0660106200900007	ingegneria industriale (L-9)
70055	12	0660106200800003	ingegneria informatica e automatica (L-8)
70055	12	0660106200900001	ingegneria meccanica (L-9)
70055	3	0660106201000004	lettere (L-10)
70055	14	0660106204700007	logopedia (L/SNT2)
70055	9	0660106203500001	matematica (L-35)
70055	4	0660106201100003	mediazione linguistica e culturale (L-12, ex L-11)
70055	8	0660106201400002	operatore giuridico d'impresa (L-14)
70055	14	0660106204700005	ortottica ed assistenza oftalmologica (L/SNT2)
70055	14	0660106204600003	ostetricia (L/SNT1)
70055	9	0660106203200001	scienze ambientali - già scienze e tecnologie per l'ambiente (L-32)
70055	9	0660106201300001	scienze biologiche (L-13)
70055	14	0660106203900001	scienze del servizio sociale (L-39)
70055	1	0660106201900001	scienze dell'educazione e della formazione - già scienze della formazione e del servizio sociale (L-19, ex L-39)
70055	6	0660106202400003	scienze e tecniche psicologiche - già scienze psicologiche applicate (L-24)
70055	15	0660104023200001	scienze motorie (33)
70055	15	0660106202200002	scienze motorie e sportive (L-22)
70055	14	0660106204700003	tecnica della riabilitazione psichiatrica (L/SNT2)
70055	14	0660106204900001	tecniche della prevenzione nell'ambiente e nei luoghi di lavoro (L/SNT4)
70055	11	0660106200700005	tecniche della protezione civile e sicurezza del territorio (L-7)
70055	11	0660106205400001	tecniche della protezione civile e sicurezza del territorio (L-P01)
70055	14	0660106204800002	tecniche di laboratorio biomedico (L/SNT3)
70055	14	0660106204800004	tecniche di radiologia medica, per immagini e radioterapia (L/SNT3)
70055	14	0660106204700001	terapia della neuro e psicomotricità dell'età evolutiva (L/SNT2)
70058	2	0150506200300001	arti ed eventi culturali - già arti, spettacolo, eventi culturali (L-3)
70058	5	0150506202000001	comunicazione d'impresa e relazioni pubbliche - già relazioni pubbliche e comunicazione d'impresa (L-20)
70058	5	0150506202000002	comunicazione, media e pubblicità (L-20)
70058	4	0150506201100001	lingue, cultura e comunicazione digitale - già lingue moderne per le digital humanities (L-11)
70058	4	0150506201200001	mediazione, interpretariato e comunicazione interculturale - già interpretariato e comunicazione (L-12)
70058	2	0150506200300002	moda e industrie creative (L-3)
70058	7	0150506201500001	turismo, management e cultura - già turismo, management e territorio (L-15)
70059	2	0630404008700001	conservazione dei beni culturali (13)
70059	7	0630406201800001	economia aziendale e green economy (L-18)
70059	4	0630406201100001	lingue e culture moderne (L-11)
70059	4	0630404010200001	lingue e culture moderne - già lingue e letterature straniere (11)
70059	2	0630406200100001	scienze dei beni culturali. turismo, arte, archeologia - già conservazione dei beni culturali (L-1)
70059	14	0630406203900001	scienze del servizio sociale (L-39)
70059	1	0630406201900005	scienze dell'educazione (L-19)
70059	5	0630404009200001	scienze della comunicazione (14)
70059	5	0630406202000001	scienze della comunicazione (L-20)
70059	6	0630406202400002	scienze e tecniche di psicologia cognitiva (L-24)
70060	5	0580306202000002	comunicazione digitale e marketing (L-20)
70060	7	0580306203300001	economia e commercio (L-33)
70060	7	0580306201800004	economia e gestione aziendale - già economia aziendale e bancaria (L-18)
70060	4	0580306201100001	lingue e culture moderne (L-11)
70060	4	0580306201200001	mediazione linguistica e culturale (L-12)
70060	14	0580306203900001	scienze del servizio sociale e del no profit (L-39)
70060	1	0580306201900001	scienze dell'educazione e della formazione - già scienze dell'educazione (L-19)
70060	5	0580306202000001	scienze della comunicazione, marketing e digital media - già scienze della comunicazione, informazione, marketing (L-20)
70060	6	0580306202400001	scienze e tecniche psicologiche (L-24)
70060	5	0580306203600001	scienze politiche e studi internazionali - già scienze politiche e internazionali (L-36)
70060	10	0580306203100001	tecniche informatiche per la gestione dei dati (L-31)
70062	7	0220106201800012	amministrazione aziendale e diritto (L-18)
70062	2	0220106200100001	beni culturali (L-1)
70062	7	0220106203300001	economia e management (L-33,L-18)
70062	14	0220106204700001	educazione professionale (L/SNT2)
70062	3	0220106200500003	filosofia (L-5)
70062	9	0220106203000002	fisica (L-30)
70062	7	0220106201800011	gestione aziendale (L-18)
70062	10	0220104005100001	informatica (26)
70062	10	0220106203100002	informatica (L-31)
70062	11	0220104000800003	ingegneria civile (8)
70062	11	0220106200700001	ingegneria civile (L-7)
70062	12	0220106200800002	ingegneria dell'informazione e organizzazione d'impresa (L-8)
70062	12	0220106200900002	ingegneria industriale (L-9)
70062	12	0220106200800001	ingegneria informatica, delle comunicazioni ed elettronica - già ingegneria dell'informazione e delle comunicazioni (L-8)
70062	11	0220106200700002	ingegneria per l'ambiente e il territorio (L-7)
70062	5	0220106202000001	interfacce e tecnologie della comunicazione (L-20)
70062	3	0220106201000006	lettere e storia - già studi storici e filologico-letterari (L-10)
70062	4	0220106201100002	lingue moderne (L-11, ex L-12)
70062	9	0220106203500002	matematica (L-35)
70062	4	0220104021100001	mediazione linguistica e comunicazione letteraria (3)
70062	6	0220106202400004	scienze e tecniche di psicologia cognitiva (L-24)
70062	9	0220106200200002	scienze e tecnologie biomolecolari (L-2)
70062	14	0220106203900001	servizio sociale (L-39)
70062	5	0220106204000003	sociologia (L-40)
70062	8	0220106201400001	studi giuridici comparati, europei e internazionali (L-14)
70062	5	0220106203600001	studi internazionali (L-36, ex L-40)
70062	13	0220106202500001	viticoltura ed enologia (L-25)
70063	9	0410106200200001	biotecnologie (L-2)
70063	7	0410106201800002	economia e management (L-18,L-33)
70063	7	0410106201800001	economia e management - già economia aziendale (L-18)
70063	9	0410106203400005	geologia per la sostenibilità ambientale - già scienze geologiche e pianificazione territoriale (L-34, ex L-21)
70063	10	0410106203100002	informatica-scienza e tecnologia - già informatica applicata (L-31)
70063	5	0410106202000001	informazione, media, pubblicità - già scienze della comunicazione (L-20)
70063	3	0410104009800001	lettere (5)
70063	4	0410106201100001	lingue moderne applicate - già lingue e culture moderne (L-11)
70063	9	0410106202900001	scienza della nutrizione (L-29)
70063	9	0410106201300001	scienze biologiche (L-13)
70063	1	0410106201900003	scienze dell'educazione - già scienze dell'educazione e della formazione (L-19)
70063	6	0410106202400001	scienze e tecniche psicologiche (L-24)
70063	8	0410106201400001	scienze giuridiche per il lavoro e per la pubblica amministrazione - già scienze giuridiche per la consulenza del lavoro e la sicurezza dei lavoratori (L-14)
70063	15	0410106202200001	scienze motorie, sportive e della salute (L-22)
70063	5	0410106203600001	scienze politiche, economiche e del governo (L-36)
70063	3	0410106201000001	scienze umanistiche. discipline letterarie, artistiche e filosofiche - già lettere e beni culturali (L-10, ex L-1)
70063	5	0410104017200001	sociologia (36)
70063	14	0410106204000003	sociologia e servizio sociale (L-40,L-39)
70097	3	0520206201000001	lingua e cultura italiana in contesti globali - già lingua e cultura italiana per l'insegnamento agli stranieri e per la scuola (L-10)
70097	3	0520206201000002	lingua, letteratura, arti italiane in prospettiva internazionale (L-10)
70097	4	0520204021100002	mediazione linguistica e culturale (3)
70097	4	0520206201200001	mediazione linguistica e culturale (L-12)
70099	5	0540306202000004	comunicazione internazionale e pubblicitaria - già comunicazione internazionale, interculturale e pubblicitaria (L-20)
70099	3	0540306201000013	lingua e cultura italiana nel mondo digitale - già digital humanities per l'italiano (L-10)
70099	7	0540306201500001	made in italy, cibo e ospitalità (L-15,L/GASTR)
70099	5	0540306203700001	scienze sociali per la sostenibilità e la cooperazione internazionale - già studi internazionali per la sostenibilità e la sicurezza sociale (L-37)
70110	12	0580806200800001	biomedical engineering - ingegneria biomedica (L-8)
70110	14	0580806204700002	fisioterapia (L/SNT2)
70110	14	0580806204600001	infermieristica (L/SNT1)
70110	12	0580806200900002	ingegneria industriale (L-9)
70110	9	0580806201300001	scienze dell'alimentazione e della nutrizione umana (L-13)
70110	14	0580806204800002	tecniche di radiologia medica, per immagini e radioterapia (L/SNT3)
70117	2	0580706200100003	archeologia e storia dell'arte - già storia e conservazione del patrimonio artistico e archeologico (L-1)
70117	2	0580706200300002	dams (L-3)
70117	7	0580706203300003	economia (L-33)
70117	7	0580706203300004	economia e big data (L-33)
70117	7	0580706201800002	economia e gestione aziendale (L-18)
70117	1	0580706201900003	educatore di nido e dei servizi per l'infanzia - già educatore professionale di comunità (L-19)
70117	3	0580706200500002	filosofia (L-5)
70117	9	0580706203000001	fisica (L-30)
70117	1	0580706201900004	formazione e sviluppo delle risorse umane (L-19)
70117	5	0580706201600001	governo e amministrazione (L-16)
70117	11	0580706200700003	ingegneria civile e ambientale - già ingegneria civile (L-7)
70117	12	0580706200900003	ingegneria delle tecnologie aeronautiche e del trasporto aereo (L-9)
70117	12	0580706200900002	ingegneria delle tecnologie per il mare (L-9)
70117	12	0580706200800004	ingegneria elettronica (L-8)
70117	12	0580706200800002	ingegneria informatica e dell'intelligenza artificiale - già ingegneria informatica (L-8)
70117	12	0580706200900001	ingegneria meccanica (L-9)
70117	3	0580706201000002	lettere (L-10)
70117	4	0580706201100001	lingue e letterature per la comunicazione interculturale - già lingue e culture straniere (L-11)
70117	4	0580706201200001	lingue e mediazione linguistico-culturale (L-12)
70117	9	0580706203500001	matematica (L-35)
70117	9	0580706203000002	ottica e optometria (L-30)
70117	5	0580706203700001	politiche, cooperazione e sviluppo (L-37)
70117	9	0580706201300001	scienze biologiche (L-13)
70117	8	0580706201400001	scienze dei servizi giuridici (L-14)
70117	11	0580706201700002	scienze dell'architettura (L-17)
70117	1	0580706201900005	scienze dell'educazione - teledidattico (L-19)
70117	1	0580706201900002	scienze dell'educazione per educatori e formatori - già scienze dell'educazione (L-19)
70117	5	0580706202000001	scienze della comunicazione (L-20)
70117	9	0580706203200001	scienze della natura e dell'ambiente - già scienze per la protezione della natura e la sostenibilità ambientale (L-32)
70117	13	0580706202600001	scienze e culture enogastronomiche (L-26)
70117	9	0580706203400001	scienze geologiche (L-34)
70117	8	0580704015000001	scienze giuridiche (31)
70117	5	0580706203600002	scienze politiche - già scienze politiche e relazioni internazionali (L-36)
70117	5	0580706203600003	scienze politiche per il governo e l'amministrazione (L-36)
70117	5	0580706203600001	scienze politiche per la cooperazione e lo sviluppo (L-36)
70117	8	0580706201400002	servizi giuridici per la sicurezza territoriale e informatica (L-14)
70117	14	0580706204000002	servizio sociale e sociologia (L-40,L-39)
70117	3	0580706204200001	storia, territorio e società globale - già scienze storiche, del territorio e per la cooperazione internazionale (L-42)
70118	9	0670106200200002	biotecnologie (L-2)
70118	2	0670106200300002	discipline delle arti, della musica e dello spettacolo (L-3)
70118	7	0670106201800001	economia - già economia e metodi quantitativi per le aziende (L-18)
70118	7	0670104015400002	economia aziendale (17)
70118	13	0670106205500001	intensificazione sostenibile delle produzioni ortofrutticole di qualità (L-P02)
70118	13	0670106202600001	scienze e tecnologie alimentari (L-26)
70118	5	0670106202000003	scienze e tecnologie della comunicazione - già scienze della comunicazione e dell'amministrazione (L-20)
70118	7	0670106205300001	scienze gastronomiche per la sostenibilità - già scienze e culture gastronomiche per la sostenibilità (L/GASTR)
70118	5	0670106203600001	scienze politiche (L-36)
70118	5	0670104016400004	scienze politiche internazionali, europee e delle amministrazioni (15)
70118	8	0670106201400003	servizi giuridici (L-14)
70118	7	0670106201500002	turismo sostenibile (L-15)
70118	13	0670106203800001	tutela e benessere animale (L-38)
70118	13	0670106202600002	viticoltura ed enologia (L-26)
70119	3	0150806200500006	filosofia (L-5)
70119	14	0150806204700001	fisioterapia (L/SNT2)
70119	14	0150806204800001	igiene dentale (L/SNT3)
70119	14	0150806204600001	infermieristica (L/SNT1)
70119	14	0150806204600002	ostetricia (L/SNT1)
70119	9	0150806200200002	ricerca biotecnologica in medicina - già biotecnologie mediche e farmaceutiche (L-2)
70119	6	0150806202400001	scienze e tecniche psicologiche (L-24)
70119	5	0150806203600001	scienze politiche e strategie globali (L-36)
70121	15	0580606202200003	scienze motorie e sportive (L-22)
70124	9	0620106200200003	biotecnologie (L-2)
70124	7	0620106201800001	economia aziendale (L-18)
70124	7	0620106201800002	economia bancaria e finanziaria - già economia dei servizi (L-18)
70124	9	0620106203400001	geologia per la sostenibilità ambientale - già scienze geologiche (L-34)
70124	11	0620104000800001	ingegneria civile (8)
70124	11	0620106200700003	ingegneria civile (L-7)
70124	12	0620106200800001	ingegneria elettronica e biomedica - già ingegneria elettronica per l'automazione e le telecomunicazioni (L-8)
70124	12	0620106200900001	ingegneria energetica (L-9)
70124	12	0620106200800002	ingegneria informatica (L-8)
70124	9	0620106201300001	scienze biologiche (L-13)
70124	9	0620106203200001	scienze geologiche - già scienze naturali, geologiche e ambientali (L-34, ex L-32)
70124	8	0620104015000001	scienze giuridiche - già giurisprudenza (31)
70124	9	0620106204100001	statistica per le assicurazioni e la finanza - già scienze statistiche e attuariali (L-41)
70124	13	0620106205500001	tecnologie alimentari per le produzioni dolciarie (L-P02)
70125	14	0790106204900002	assistenza sanitaria (L/SNT4)
70125	9	0790106200200002	biotecnologie (L-2)
70125	14	0790106204800001	dietistica (L/SNT3)
70125	7	0790106201800001	economia aziendale (L-18)
70125	14	0790106204700001	fisioterapia (L/SNT2)
70125	14	0790106204600002	infermieristica (L/SNT1)
70125	14	0790104050400001	infermieristica (SNT/1)
70125	14	0790106204600004	infermieristica - interateneo (L/SNT1)
70125	12	0790106200800001	ingegneria informatica e biomedica (L-8)
70125	14	0790106204700003	logopedia (L/SNT2)
70125	5	0790106201600001	organizzazione delle amministrazioni pubbliche e private (L-16)
70125	9	0790106201300001	scienze biologiche per l'ambiente (L-13)
70125	8	0790106201400001	scienze delle investigazioni (L-14)
70125	6	0790106202400001	scienze e tecniche di psicologia cognitiva (L-24)
70125	9	0790106202900001	scienze e tecnologie cosmetiche e dei prodotti del benessere (L-29)
70125	13	0790106203800001	scienze e tecnologie delle produzioni animali (L-38)
70125	8	0790104015000001	scienze giuridiche - già giurisprudenza (31)
70125	15	0790106202200001	scienze motorie e sportive (L-22)
70125	5	0790106203900002	sociologia (L-40)
70125	14	0790106204900001	tecniche della prevenzione nell'ambiente e nei luoghi di lavoro (L/SNT4)
70125	14	0790106204800007	tecniche di fisiopatologia cardiocircolatoria e perfusione cardiovascolare (L/SNT3)
70125	14	0790106204800004	tecniche di laboratorio biomedico (L/SNT3)
70125	14	0790106204800003	tecniche di neurofisiopatologia (L/SNT3)
70125	14	0790106204800006	tecniche di radiologia medica, per immagini e radioterapia (L/SNT3)
70129	5	0710106202000001	comunicazione, relazioni pubbliche e tecnologie digitali (L-20)
70129	14	0710106204800001	dietistica (L/SNT3)
70129	7	0710106203300001	economia (L-33)
70129	7	0710104015400001	economia aziendale (17)
70129	7	0710106201800001	economia aziendale (L-18)
70129	7	0710106203300002	economia e management - già economia dello sviluppo territoriale (L-33)
70129	8	0710106201400003	esperto in gestione delle risorse umane e consulente del lavoro - già consulente del lavoro ed esperto di relazioni industriali (L-14)
70129	14	0710106204700002	fisioterapia (L/SNT2)
70129	14	0710106204600001	infermieristica (L/SNT1)
70129	14	0710104050400002	infermieristica (SNT/1)
70129	12	0710106200900001	ingegneria gestionale - già ingegneria dei sistemi logistici per l'agro-alimentare (L-9)
70129	3	0710104009800001	lettere (5)
70129	3	0710106201000001	lettere (L-10)
70129	2	0710106200100002	lettere e beni culturali (L-1,L-10)
70129	4	0710106201100001	lingue e culture straniere (L-11)
70129	7	0710106201800002	management dell'innovazione e dell'hospitality - già gestione aziendale (L-18)
70129	2	0710106200100003	patrimonio e turismo culturale (L-1)
70129	9	0710106201300001	scienze biologiche (L-13)
70129	5	0710106201600001	scienze dell'amministrazione digitale - già scienze dell'amministrazione e dell'organizzazione (L-16)
70129	1	0710106201900002	scienze dell'educazione e della formazione (L-19)
70129	1	0710104010400001	scienze della formazione continua (18)
70129	15	0710104023200001	scienze delle attività motorie e sportive (33)
70129	15	0710106202200001	scienze delle attività motorie e sportive (L-22)
70129	6	0710106202400001	scienze e tecniche psicologiche (L-24)
70129	13	0710106202500001	scienze e tecnologie agrarie (L-25)
70129	13	0710104006300003	scienze e tecnologie agrarie - già produzioni vegetali (20)
70129	13	0710106202600001	scienze e tecnologie alimentari (L-26)
70129	9	0710106200200001	scienze e tecnologie biomolecolari (L-2)
70129	13	0710106202600002	scienze gastronomiche (L-26)
70129	8	0710104015000001	scienze giuridiche (31)
70129	8	0710106201400004	scienze investigative (L-14)
70129	14	0710106204800002	tecniche di laboratorio biomedico (L/SNT3)
70129	14	0710106204800003	tecniche di radiologia medica, per immagini e radioterapia (L/SNT3)
70130	13	0210106202500002	agricoltura sostenibile e gestione forestale in ambiente montano - già scienze agrarie, degli alimenti e dell'ambiente montano (L-25)
70130	2	0210106200400003	design e arti (L-4)
70130	7	0210106201800017	economia e management (L-18)
70130	7	0210106203300008	economia, politica ed etica - già scienze economiche e sociali (L-33)
70130	10	0210106200800005	informatica - già scienze e ingegneria dell'informazione (L-31, ex L-8)
70130	10	0210106203100001	informatica e management delle aziende digitali (L-31)
70130	12	0210106200900002	ingegneria del legno (L-9)
70130	12	0210106200800006	ingegneria elettronica e dell'informazione - già ingegneria elettronica e dei sistemi ciberfisici (L-8)
70130	12	0210106200900001	ingegneria industriale meccanica-industrial and mechanical engineering - già ingegneria logistica e della produzione (L-9)
70130	7	0210106201800018	management del turismo, dello sport e degli eventi (L-18)
70130	1	0210106201900003	scienze dell'educazione - già educatore sociale (L-19)
70130	5	0210106202000008	scienze della comunicazione e cultura (L-20)
70130	7	0210106205300001	scienze enogastronomiche di montagna (L/GASTR)
70130	14	0210106203900006	servizio sociale (L-39)
70132	9	0150906200200008	biotecnologie (L-2)
70132	5	0150906202000001	comunicazione interculturale (L-20)
70132	7	0150906201800001	economia e amministrazione delle imprese (L-18)
70132	7	0150906203300002	economia, analisi dei dati e management - già economia e commercio (L-33)
70132	7	0150906201800004	economia, banca e finanza - già economia delle banche, delle assicurazioni e degli intermediari finanziari (L-18)
70132	9	0150906203000002	fisica (L-30)
70132	14	0150906204700004	fisioterapia (L/SNT2)
70132	14	0150906204800001	igiene dentale (L/SNT3)
70132	14	0150906204600001	infermieristica (L/SNT1)
70132	10	0150906203100001	informatica (L-31)
70132	7	0150906201800005	marketing, comunicazione aziendale e mercati globali (L-18)
70132	7	0150904015400003	marketing, comunicazione aziendale e mercati internazionali - già commercio estero (17)
70132	9	0150906203500001	matematica (L-35)
70132	14	0150906204600002	ostetricia (L/SNT1)
70132	9	0150906203000001	ottica e optometria (L-30)
70132	9	0150906202700001	scienza dei materiali (L-27)
70132	9	0150906201300001	scienze biologiche (L-13)
70132	7	0150906201500001	scienze del turismo e comunità locale (L-15)
70132	1	0150904010400001	scienze dell'educazione (18)
70132	1	0150906201900003	scienze dell'educazione (L-19)
70132	5	0150906201600001	scienze dell'organizzazione (L-16)
70132	6	0150904005700001	scienze e tecniche psicologiche (34)
70132	6	0150906202400002	scienze e tecniche psicologiche (L-24)
70132	9	0150906202700003	scienze e tecnologie chimiche (L-27)
70132	9	0150906203400001	scienze e tecnologie geologiche (L-34)
70132	9	0150906203200002	scienze e tecnologie per l'ambiente (L-32)
70132	8	0150906201400002	scienze giuridiche - già scienze dei servizi giuridici (L-14)
70132	5	0150906202000002	scienze psicosociali della comunicazione - già comunicazione e psicologia (L-20, ex L-24)
70132	9	0150906204100005	scienze statistiche ed economiche (L-41)
70132	14	0150906203900001	servizio sociale (L-39)
70132	5	0150906204000003	sociologia (L-40)
70132	9	0150906204100004	statistica e gestione delle informazioni (L-41)
70132	14	0150906204800004	tecniche di laboratorio biomedico (L/SNT3)
70132	14	0150906204800003	tecniche di radiologia medica, per immagini e radioterapia (L/SNT3)
70132	14	0150906204700003	terapia della neuro e psicomotricità dell'età evolutiva (L/SNT2)
70135	9	0120206200200001	biotecnologie (L-2)
70135	9	0120206202700013	chimica e chimica industriale (L-27)
70135	8	0120206201400001	discipline giuridiche (L-14)
70135	7	0120206203300002	economia e management (L-33)
70135	7	0120206201800001	economia e management dell'innovazione e della sostenibilità (L-18,L-33)
70135	14	0120206204700001	educazione professionale (L/SNT2)
70135	9	0120206203000001	fisica (L-30)
70135	14	0120206204700002	fisioterapia (L/SNT2)
70135	14	0120206204800007	igiene dentale (L/SNT3)
70135	14	0120206204600001	infermieristica (L/SNT1)
70135	10	0120206203100001	informatica (L-31)
70135	11	0120206200700001	ingegneria per la sicurezza del lavoro e dell'ambiente (L-7)
70135	9	0120206203500001	matematica (L-35)
70135	14	0120206204600002	ostetricia (L/SNT1)
70135	9	0120206201300001	scienze biologiche - già scienze e tecnologie biologiche (L-13)
70135	7	0120206201500002	scienze del turismo (L-15)
70135	9	0120206203200007	scienze dell'ambiente e della natura (L-32)
70135	5	0120206202000005	scienze della comunicazione (L-20)
70135	4	0120204021100001	scienze della mediazione interlinguistica e interculturale (3)
70135	4	0120206201200003	scienze della mediazione interlinguistica e interculturale (L-12)
70135	15	0120206202200002	scienze motorie (L-22)
70135	3	0120206204200001	storia e storie del mondo contemporaneo (L-42)
70135	14	0120206204800006	tecniche di fisiopatologia cardiocircolatoria e perfusione cardiovascolare (L/SNT3)
70135	14	0120206204800001	tecniche di laboratorio biomedico (L/SNT3)
70135	14	0120206204800008	tecniche di radiologia medica, per immagini e radioterapia (L/SNT3)
70136	9	0020106200200004	biotecnologie (L-2)
70136	9	0020106202700006	chimica (L-27)
70136	9	0020106202700005	chimica verde - già scienza dei materiali-chimica (L-27)
70136	9	0020104017700001	controllo di qualità - già scienza e tecnologia dei prodotti della salute (24)
70136	7	0020106201800001	economia aziendale (L-18)
70136	14	0020106204700002	educazione professionale (L/SNT2)
70136	3	0020106200500001	filosofia e comunicazione (L-5)
70136	14	0020106204700001	fisioterapia (L/SNT2)
70136	9	0020106203200001	gestione ambientale e sviluppo sostenibile - già scienze ambientali e gestione del territorio (L-32)
70136	14	0020106204800001	igiene dentale (L/SNT3)
70136	14	0020106204600001	infermieristica (L/SNT1)
70136	10	0020106203100004	informatica (L-31)
70136	3	0020106201000002	lettere (L-10)
70136	4	0020106201100002	lingue straniere moderne (L-11)
70136	7	0020106201500003	progettazione e management del turismo - già promozione e gestione del turismo (L-15)
70136	9	0020106201300001	scienze biologiche (L-13)
70136	5	0020106201600002	scienze politiche e dell'amministrazione - già scienze politiche, economiche, sociali e dell'amministrazione (L-36, ex L-16)
70136	14	0020106203900001	servizio sociale (L-39)
70136	14	0020106204800002	tecniche di laboratorio biomedico (L/SNT3)
70136	14	0020106204800003	tecniche di radiologia medica, per immagini e radioterapia (L/SNT3)
70137	8	0720306201400002	diritto delle amministrazioni pubbliche - già diritto ed economia per l'impresa e la cooperazione internazionale (L-14)
70137	7	0720306201800004	economia e gestione aziendale - già economia ed organizzazione aziendale (L-18)
70137	7	0720306205300001	enogastronomia e hotellerie internazionale - già enogastronomia d'impresa (L/GASTR)
70137	14	0720306204600001	infermieristica (L/SNT1)
70137	12	0720306200900001	ingegneria gestionale (L-9)
70141	7	0070106201800002	economia e management - già scienze dell'economia e della gestione aziendale (L-18)
70141	4	0070106201200002	lingue e comunicazione per l'impresa e il turismo (L-12)
70141	6	0070106202400002	scienze e tecniche psicologiche (L-24)
70141	5	0070106203600002	scienze politiche e delle relazioni internazionali (L-36)
70145	7	0040106205300001	scienze e culture gastronomiche (L/GASTR)
70145	13	0040106202600001	scienze gastronomiche (L-26)
70146	7	0860104015400006	economia aziendale (17)
70146	7	0860106201800001	economia e management - già economia aziendale (L-18)
70146	14	0860106204600001	infermieristica (L/SNT1)
70146	12	0860106200900003	ingegneria aerospaziale - già ingegneria aerospaziale e delle infrastrutture aeronautiche (L-9)
70146	11	0860106200700001	ingegneria civile e ambientale - già ingegneria dei rischi ambientali e delle infrastrutture (L-7)
70146	12	0860106200800001	ingegneria informatica - già ingegneria informatica e delle telecomunicazioni (L-8)
70146	3	0860106201000001	lettere (L-10)
70146	4	0860106201100002	lingue e culture moderne (L-11)
70146	15	0860106202200001	scienze del movimento e dello sport - già scienze delle attività motorie e sportive (L-22)
70146	5	0860104050800002	scienze della difesa e della sicurezza (DS/1)
70146	15	0860104023200003	scienze delle attività motorie e sportive (33)
70146	6	0860106202400001	scienze e tecniche psicologiche (L-24)
70146	5	0860106205200001	scienze strategiche e della sicurezza (L/DS)
70146	14	0860106203900002	servizio sociale in contesti disagiati e criminogeni - già servizio sociale e scienze criminologiche (L-39, ex L-40)
70146	11	0860106205400001	tecnologie per l'energia e l'ambiente - già tecnologie per il costruito e la sostenibilità ambientale (L-P01)
70147	7	0581206201800001	economia e gestione aziendale (L-18)
70147	6	0581206202400001	scienze e tecniche psicologiche (L-24)
70147	7	0581206201500001	turismo e valorizzazione del territorio (L-15)
70149	2	0130106200300001	design e discipline della moda (L-3)
70149	7	0130106203300001	economia (L-33)
70149	11	0130106200700001	ingegneria civile e ambientale (L-7)
70149	12	0130106200900004	ingegneria industriale (L-9)
70149	12	0130106200800002	ingegneria informatica e dell'automazione (L-8)
70149	3	0130106201000001	letteratura, arte, musica e spettacolo (L-10)
70149	4	0130106201100001	lingue e culture europee e del resto del mondo - già lingue e letterature straniere (L-11)
70149	9	0130106201300001	scienze biologiche (L-13)
70149	7	0130106201500001	scienze del turismo per il management e i beni culturali (L-15)
70149	1	0130106201900001	scienze dell'educazione e della formazione (L-19)
70149	5	0130106202000001	scienze della comunicazione (L-20)
70149	15	0130106202200001	scienze delle attività motorie e sportive (L-22)
70149	6	0130106202400001	scienze e tecniche psicologiche (L-24)
70149	5	0130106203600001	scienze politiche e sociali (L-36)
70149	8	0130106201400001	servizi giuridici - già servizi giuridici per l'impresa (L-14)
70153	7	0620206201400002	diritto ed economia delle imprese (L-14,L-18)
70153	12	0620206200800001	ingegneria informatica (L-8)
70153	8	0620206201400001	operatore giuridico d'impresa (L-14)
70153	1	0620206201900003	scienze dell'educazione - dall'a.a. 2018/19 (L-19)
70153	6	0620206202400003	scienze e tecniche psicologiche - dall'a.a. 2018/19 (L-24)
70153	9	0620206202800002	scienze e tecnologie dei trasporti - già scienze e tecnologie del trasporto aereo (L-28)
70220	7	0580906201800001	green management e sostenibilità - già economia internazionale e management digitale (L-18)
70220	4	0580906201200001	lingue per l'interpretariato e la traduzione (L-12)
70220	5	0580904016400001	scienze politiche diplomatiche e delle organizzazioni internazionali (15)
70220	5	0580906203600001	scienze politiche, sicurezza internazionale e criminalità - già scienze politiche per la sicurezza e le relazioni internazionali (L-36)
70303	14	0010306204700001	fisioterapia (L/SNT2)
70303	14	0010306204600001	infermieristica (L/SNT1)
70303	14	0010306204600002	ostetricia (L/SNT1)
70303	14	0010306204800001	tecniche di laboratorio biomedico (L/SNT3)
70303	14	0010306204800002	tecniche di radiologia medica, per immagini e radioterapia (L/SNT3)
71001	2	0086506200300002	dams-produzione audiovisiva e teatrale - dams-film and theatre making (L-3)
71001	7	0050806201800001	economia e management d'impresa e delle istituzioni - già gestione aziendale (L-18)
71001	5	0086506205200002	scienze della difesa e della sicurezza (L/DS)
71001	5	0086506202000002	scienze delle comunicazioni, media e tecnologie digitali - già tecnologie innovative per la comunicazione digitale-innovative technologies for digital communication (L-20)
71001	5	0050806203600001	scienze politiche, diplomatiche e governo delle amministrazioni - già scienze politiche (L-36, ex L-16)
71003	14	0087006204700001	fisioterapia (L/SNT2)
71003	14	0410206204600001	infermieristica (L/SNT1)
